{"type":"OeBuildPlan","uri":null,"category":null,"eTag":null,"created":null,"modified":null,"buildPlanid":"b0a2e5cf-bcd5-4d29-9e8c-d0566b80f09d","name":"HPE- ESXi - deploy in single frame non-HA config-2021-07-26","description":"Personalize ESXi 6.5 image with single management NIC, hostname, domain name, root password and ssh settings. (c) Copyright 2018-2021 Hewlett Packard Enterprise Development LP. Licensed under the Apache License, Version 2.0  (the \"License\");...","status":null,"hpProvided":true,"oeBuildPlanType":"deploy","buildStep":[{"planScriptUri":"/rest/plan-scripts/b71c5005-7004-45ca-a2ef-6d8b069dd0d2","serialNumber":"1","parameters":null,"planScriptName":"HPE - ESXi - mount - 2020-12-10"},{"planScriptUri":"/rest/plan-scripts/3a1a5cfe-23b5-4997-b6fe-2249c1078db7","serialNumber":"2","parameters":null,"planScriptName":"HPE - ESXi - unpack state - 2017-07-07"},{"planScriptUri":"/rest/plan-scripts/64e91f8b-8cf4-4d64-8d6c-e9484f2d8502","serialNumber":"3","parameters":null,"planScriptName":"HPE - ESXi - Clear - Network - 2021-07-26"},{"planScriptUri":"/rest/plan-scripts/c48fe9f0-7111-4cbd-9cc6-445b77f6f5ab","serialNumber":"4","parameters":null,"planScriptName":"HPE - ESXi - set password - 2017-03-15"},{"planScriptUri":"/rest/plan-scripts/bd629b0e-c0e0-423f-8eaf-2386421f9885","serialNumber":"5","parameters":null,"planScriptName":"HPE - ESXi - configure management 1st NIC- 2017-08-22"},{"planScriptUri":"/rest/plan-scripts/47b431e3-456f-428e-ac3b-3dd0b4fa5500","serialNumber":"6","parameters":null,"planScriptName":"HPE - ESXi - configure ssh- 2017-12-15"},{"planScriptUri":"/rest/plan-scripts/00e3f9f6-502c-4c01-a15b-563c47514b11","serialNumber":"7","parameters":null,"planScriptName":"HPE - ESXi - repack state - 2017-03-15"},{"planScriptUri":"/rest/plan-scripts/3cbd1366-8c6a-4a63-95a2-e9c0f0a200c9","serialNumber":"8","parameters":null,"planScriptName":"HPE - ESXi - umount - 2017-03-15"}],"customAttributes":[{"name":"ManagementNIC","description":"Configuring NIC on ESXi host","value":null,"constraints":"{\"ipv4static\":true,\"ipv4dhcp\":true,\"ipv4disable\":false,\"parameters\":[\"dns1\",\"dns2\",\"gateway\",\"ipaddress\",\"mac\",\"netmask\",\"vlanid\"]}","type":"nic"},{"name":"DomainName","description":"Fully Qualified Domain Name for the ESXi host","value":"","constraints":"{\"helpText\":\"\"}","type":"fqdn"},{"name":"Hostname","description":"Hostname for VMware ESXi host. The hostname value can be defined manually or by using the tokens. This value must conform to valid hostname requirement defined by Internet standards.","value":"","constraints":"{\"helpText\":\"\"}","type":"hostname"},{"name":"SSH","description":"To enable/disable and start/stop SSH in ESXi","value":"enabled","constraints":"{\"options\":[\"enabled\",\"disabled\"]}","type":"option"},{"name":"Password","description":"Password value must meet password complexity and minimum length requirements defined for ESXi 5.x, ESXi 6.x appropriately.","value":"","constraints":"{}","type":"password"}],"dependentArtifacts":null}