{"type":"OeBuildPlan","uri":null,"category":null,"eTag":null,"created":null,"modified":null,"buildPlanid":"e039bfc8-1130-4645-aa55-0619f549f23c","name":"HPE - ESXi - generalize full state -  2020-12-10","description":"Remove personalization settings from ESXi 6.5 images.\n(c) Copyright 2018-2020 Hewlett Packard Enterprise Development LP. Licensed under the Apache License, Version 2.0 (the \"License\"); ...","status":null,"hpProvided":true,"oeBuildPlanType":"capture","buildStep":[{"planScriptUri":"/rest/plan-scripts/b71c5005-7004-45ca-a2ef-6d8b069dd0d2","serialNumber":"1","parameters":null,"planScriptName":"HPE - ESXi - mount - 2020-12-10"},{"planScriptUri":"/rest/plan-scripts/230ba20e-24af-4b9b-b5f4-499a88bf99f2","serialNumber":"2","parameters":null,"planScriptName":"HPE - ESXi - generalize host configuration - 2017-07-12"},{"planScriptUri":"/rest/plan-scripts/3a1a5cfe-23b5-4997-b6fe-2249c1078db7","serialNumber":"3","parameters":null,"planScriptName":"HPE - ESXi - unpack state - 2017-07-07"},{"planScriptUri":"/rest/plan-scripts/a5f22eb6-e23f-4210-af79-98981f2eca3f","serialNumber":"4","parameters":null,"planScriptName":"HPE - ESXi - generalize onetime - 2017-09-27"},{"planScriptUri":"/rest/plan-scripts/3ab9f073-844f-47e1-9cc0-e08041dc2c0d","serialNumber":"5","parameters":null,"planScriptName":"HPE - ESXi - remove system uuid - 2017-08-02"},{"planScriptUri":"/rest/plan-scripts/00e3f9f6-502c-4c01-a15b-563c47514b11","serialNumber":"6","parameters":null,"planScriptName":"HPE - ESXi - repack state - 2017-03-15"},{"planScriptUri":"/rest/plan-scripts/3cbd1366-8c6a-4a63-95a2-e9c0f0a200c9","serialNumber":"7","parameters":null,"planScriptName":"HPE - ESXi - umount - 2017-03-15"}],"customAttributes":[],"dependentArtifacts":null}