{"type":"OeBuildPlan","uri":null,"category":null,"eTag":null,"created":null,"modified":null,"buildPlanid":"00cbd660-2746-48e2-9588-debe8875f208","name":"HPE- ESXi - deploy in single frame non-HA config-autobackup- 2018-07-31","description":"Personalize ESXi 5.x - 6.5 image with single management NIC, hostname, domain name, root password and ssh settings. (c) Copyright 2018 Hewlett Packard Enterprise Development LP. Licensed under the Apache License, Version 2.0  (the \"License\");...","status":null,"hpProvided":true,"oeBuildPlanType":"deploy","buildStep":[{"planScriptUri":"/rest/plan-scripts/b4641fca-8721-4120-be2e-e8c04f8eb37b","serialNumber":"1","parameters":null,"planScriptName":"HPE - ESXi - mount - 2018-12-03"},{"planScriptUri":"/rest/plan-scripts/554a6b51-e010-4056-bd22-009a2c19b30d","serialNumber":"2","parameters":null,"planScriptName":"HPE - ESXi - unpack state - 2017-07-07"},{"planScriptUri":"/rest/plan-scripts/b5d91f26-926d-4652-8d1a-55357572e266","serialNumber":"3","parameters":null,"planScriptName":"HPE - ESXi - set password - 2017-03-15"},{"planScriptUri":"/rest/plan-scripts/27e2518e-60c9-4626-ad79-b3e1a30acfd9","serialNumber":"4","parameters":null,"planScriptName":"HPE - ESXi - configure management 1st NIC- 2018-12-06"},{"planScriptUri":"/rest/plan-scripts/ee23ca7e-83fa-4553-8afb-18451152c3d0","serialNumber":"5","parameters":null,"planScriptName":"HPE - ESXi - configure ssh- 2018-12-04"},{"planScriptUri":"/rest/plan-scripts/6d0676fa-3590-43b7-b4a8-53a6c31d8607","serialNumber":"6","parameters":null,"planScriptName":"HPE - ESXi - repack state - 2017-03-15"},{"planScriptUri":"/rest/plan-scripts/33b3501d-fde7-43d0-900b-3776cfd6e48b","serialNumber":"7","parameters":null,"planScriptName":"HPE - ESXi - umount - 2017-03-15"}],"customAttributes":[{"name":"ManagementNIC","description":"Configuring NIC on ESXi host","value":null,"constraints":"{\"ipv4static\":true,\"ipv4dhcp\":true,\"ipv4disable\":false,\"parameters\":[\"dns1\",\"dns2\",\"gateway\",\"ipaddress\",\"mac\",\"netmask\",\"vlanid\"]}","type":"nic"},{"name":"DomainName","description":"Fully Qualified Domain Name for the ESXi host","value":"","constraints":"{\"helpText\":\"\"}","type":"fqdn"},{"name":"Hostname","description":"Hostname for VMware ESXi host. The hostname value can be defined manually or by using the tokens. This value must conform to valid hostname requirement defined by Internet standards.","value":"","constraints":"{\"helpText\":\"\"}","type":"hostname"},{"name":"SSH","description":"To enable/disable and start/stop SSH in ESXi","value":"enabled","constraints":"{\"options\":[\"enabled\",\"disabled\"]}","type":"option"},{"name":"Password","description":"Password value must meet password complexity and minimum length requirements defined for ESXi 5.x, ESXi 6.x appropriately.","value":"","constraints":"{\"maxlen\":\"20\"}","type":"password"}],"dependentArtifacts":null}