{"type":"OeBuildPlan","uri":null,"category":null,"eTag":null,"created":null,"modified":null,"buildPlanid":"7ef1bc96-06c0-4bd1-b158-41dcc4317cda","name":"HPE - ESXi - generalize full state -  2018-07-31","description":"Remove personalization settings from ESXi 5.x - 6.5 images.\n(c) Copyright 2018 Hewlett Packard Enterprise Development LP. Licensed under the Apache License, Version 2.0 (the \"License\"); ...","status":null,"hpProvided":true,"oeBuildPlanType":"capture","buildStep":[{"planScriptUri":"/rest/plan-scripts/b4641fca-8721-4120-be2e-e8c04f8eb37b","serialNumber":"1","parameters":null,"planScriptName":"HPE - ESXi - mount - 2018-12-03"},{"planScriptUri":"/rest/plan-scripts/eaece103-eb8c-4330-89f8-055307b157a7","serialNumber":"2","parameters":null,"planScriptName":"HPE - ESXi - generalize host configuration - 2017-07-12"},{"planScriptUri":"/rest/plan-scripts/554a6b51-e010-4056-bd22-009a2c19b30d","serialNumber":"3","parameters":null,"planScriptName":"HPE - ESXi - unpack state - 2017-07-07"},{"planScriptUri":"/rest/plan-scripts/964fd0e7-e3c7-480b-8dea-41c3a3b9cbfa","serialNumber":"4","parameters":null,"planScriptName":"HPE - ESXi - generalize onetime - 2017-09-27"},{"planScriptUri":"/rest/plan-scripts/0313cfc7-1a60-4720-9a19-d3f5ee2811f4","serialNumber":"5","parameters":null,"planScriptName":"HPE - ESXi - remove system uuid - 2017-08-02"},{"planScriptUri":"/rest/plan-scripts/6d0676fa-3590-43b7-b4a8-53a6c31d8607","serialNumber":"6","parameters":null,"planScriptName":"HPE - ESXi - repack state - 2017-03-15"},{"planScriptUri":"/rest/plan-scripts/33b3501d-fde7-43d0-900b-3776cfd6e48b","serialNumber":"7","parameters":null,"planScriptName":"HPE - ESXi - umount - 2017-03-15"}],"customAttributes":[],"dependentArtifacts":null}