{"type":"PlanScript","uri":null,"category":null,"eTag":null,"created":null,"modified":null,"id":"ee23ca7e-83fa-4553-8afb-18451152c3d0","name":"HPE - ESXi - configure ssh- 2018-12-04","description":"Configure ssh","status":null,"state":null,"planType":"deploy","content":"# (c) Copyright 2017 Hewlett Packard Enterprise Development LP\n#\n# Licensed under the Apache License, Version 2.0 (the \"License\");\n# you may not use this file except in compliance with the License.\n# You may obtain a copy of the License at #http://www.apache.org/licenses/LICENSE-2.0\n#\n# Unless required by applicable law or agreed to in writing, software distributed\n# under the License is distributed on an \"AS IS\" BASIS, WITHOUT WARRANTIES #OR\n# CONDITIONS OF ANY KIND, either express or implied. See the License for the\n# specific language governing permissions and limitations under the License.\n\necho \"########################################\"\necho \"Configure ssh\"\necho \"########################################\"\n\nupload -<<END /ImageStreamer/esxi_ssh\n#!/bin/bash\nif [ \"@SSH:enabled@\" = \"enabled\" ]; then\ncat <<\"EOF\" >>local.sh\nvim-cmd hostsvc/enable_esx_shell\nvim-cmd hostsvc/start_esx_shell\nvim-cmd hostsvc/enable_ssh\nvim-cmd hostsvc/start_ssh\nEOF\n\nelse\ncat <<\"EOF\" >>local.sh\nvim-cmd hostsvc/disable_esx_shell\nvim-cmd hostsvc/stop_esx_shell\nvim-cmd hostsvc/disable_ssh\nvim-cmd hostsvc/stop_ssh\n/sbin/auto-backup.sh\nEOF\n\nfi\n\nexit 0\nEND\n\ndownload /ImageStreamer/esxi_ssh esxi_ssh\necho \"Run esxi_ssh\"\n!source ./esxi_ssh","customAttributes":null,"hpProvided":true,"dependentArtifacts":null}