{"type":"PlanScript","dependentArtifacts":null,"hpProvided":true,"eTag":null,"created":null,"modified":null,"planType":"capture","customAttributes":null,"category":null,"description":"remove system uuid from esx.conf","uri":null,"status":null,"name":"HPE - ESXi - remove system uuid - 2017-08-02","id":"3740593d-039c-4488-b0c2-4cce5e720144","state":null,"content":"# (c) Copyright 2017 Hewlett Packard Enterprise Development LP\n#\n# Licensed under the Apache License, Version 2.0 (the \"License\");\n# you may not use this file except in compliance with the License.\n# You may obtain a copy of the License at #http://www.apache.org/licenses/LICENSE-2.0\n#\n# Unless required by applicable law or agreed to in writing, software distributed\n# under the License is distributed on an \"AS IS\" BASIS, WITHOUT WARRANTIES #OR\n# CONDITIONS OF ANY KIND, either express or implied. See the License for the\n# specific language governing permissions and limitations under the License.\n\necho \"########################################\"\necho \"remove system uuid\"\necho \"########################################\"\n\necho \"Build script to remove system uuid\"\nupload -<<END /ImageStreamer/remove_system_uuid\n#! /bin/bash\n\nDIR=`pwd`\ncd $DIR/esxi_onetime\n\necho \"remove system uuid\"\n\nesx_conf=\"$(find . -iname 'esx.conf')\"\n\nif [ -n \"$esx_conf\" ]; then\n\necho \"system uuid before in $esx_conf\"\ngrep -i system.*uuid $esx_conf\n\nsed -i 's#/system/uuid.*##' $esx_conf\n\necho \"system uuid after in $esx_conf\"\ngrep -i system.*uuid $esx_conf\n\nelse\necho \"esx.conf not found\"\nfi\n\nexit 0\nEND\n\ndownload /ImageStreamer/remove_system_uuid ./remove_system_uuid\necho\n\necho \"Run  remove system uuid script\"\n!source ./remove_system_uuid\necho"}