{"type":"OeBuildPlan","dependentArtifacts":null,"customAttributes":[],"buildStep":[{"planScriptName":"HPE - ESXi - mount - 2017-03-15","planScriptUri":"/rest/plan-scripts/dbac2e82-e19c-4e49-bad0-d174b569a0b7","serialNumber":"1","parameters":null},{"planScriptName":"HPE - ESXi - generalize host configuration - 2017-07-12","planScriptUri":"/rest/plan-scripts/50ba8363-6153-4ea0-8735-52f9cff1194a","serialNumber":"2","parameters":null},{"planScriptName":"HPE - ESXi - unpack state - 2017-07-07","planScriptUri":"/rest/plan-scripts/6912d4ed-1dd8-4738-ab9f-5329206b078f","serialNumber":"3","parameters":null},{"planScriptName":"HPE - ESXi - generalize onetime - 2017-08-02","planScriptUri":"/rest/plan-scripts/d6bd17a7-589e-4cb1-8747-e98539f44b68","serialNumber":"4","parameters":null},{"planScriptName":"HPE - ESXi - remove system uuid - 2017-08-02","planScriptUri":"/rest/plan-scripts/3740593d-039c-4488-b0c2-4cce5e720144","serialNumber":"5","parameters":null},{"planScriptName":"HPE - ESXi - repack state - 2017-03-15","planScriptUri":"/rest/plan-scripts/de074e5c-3303-4518-87e5-cb854739ab9b","serialNumber":"6","parameters":null},{"planScriptName":"HPE - ESXi - umount - 2017-03-15","planScriptUri":"/rest/plan-scripts/812d64ba-302c-414e-ab4a-d4c21fa8f5bf","serialNumber":"7","parameters":null}],"eTag":null,"created":null,"modified":null,"hpProvided":true,"etag":null,"buildPlanid":"4bd85d2f-ab1e-490c-9874-7adf05c8850a","oeBuildPlanType":"capture","category":null,"description":"Remove personalization settings from ESXi 5.x, 6.x images.\n(c) Copyright 2017 Hewlett Packard Enterprise Development LP. Licensed under the Apache License, Version 2.0 (the \"License\"); ...","uri":null,"status":null,"name":"HPE - ESXi - generalize full state - 2017-08-02"}