{"type":"PlanScript","dependentArtifacts":null,"hpProvided":true,"eTag":null,"created":null,"modified":null,"planType":"deploy","customAttributes":null,"category":null,"description":"Configure ESXi Syslog servers","uri":null,"status":null,"name":"HPE - ESXi - Syslog Servers - 2017-04-05","id":"807a7917-a060-43cc-86ce-97421b96679f","state":null,"content":"# (c) Copyright 2017 Hewlett Packard Enterprise Development LP\n#\n# Licensed under the Apache License, Version 2.0 (the \"License\");\n# you may not use this file except in compliance with the License.\n# You may obtain a copy of the License at #http://www.apache.org/licenses/LICENSE-2.0\n#\n# Unless required by applicable law or agreed to in writing, software distributed\n# under the License is distributed on an \"AS IS\" BASIS, WITHOUT WARRANTIES #OR\n# CONDITIONS OF ANY KIND, either express or implied. See the License for the\n# specific language governing permissions and limitations under the License.\n\necho \"########################################\"\necho \"Configure Syslog Servers                                                           \"\necho \"#######################################\"\n\nupload -<<END /ImageStreamer/esxi_syslog\n#! /bin/bash\n\ncat <<\"EOF\" >>local.sh\nesxcli system syslog config set --default-rotate @LogRotate:20@ --loghost @SyslogServers@\nEOF\n\nexit 0\nEND\n\ndownload /ImageStreamer/esxi_syslog esxi_syslog\n!source ./esxi_syslog\necho"}