{"type":"OeBuildPlan","dependentArtifacts":null,"customAttributes":[{"constraints":"{\"options\":[\"enabled\"]}","description":"","name":"SSH","value":"enabled","type":"option"},{"constraints":"{\"ipv4static\":true,\"ipv4dhcp\":false,\"ipv4disable\":false,\"parameters\":[\"dns1\",\"dns2\",\"gateway\",\"ipaddress\",\"mac\",\"netmask\",\"vlanid\"]}","description":"","name":"ManagementNIC","value":"","type":"nic"},{"constraints":"{}","description":"Password value must meet password complexity and minimum length requirements defined for ESXi 5.x, ESXi 6.x appropriately.","name":"Password","value":"","type":"password"},{"constraints":"{}","description":"","name":"DomainName","value":"","type":"string"},{"constraints":"{}","description":"","name":"Hostname","value":"","type":"string"}],"buildStep":[{"planScriptName":"HPE - ESXi - mount - 2017-03-15","planScriptUri":"/rest/plan-scripts/dbac2e82-e19c-4e49-bad0-d174b569a0b7","serialNumber":"1","parameters":null},{"planScriptName":"HPE - ESXi - unpack state - 2017-07-07","planScriptUri":"/rest/plan-scripts/6912d4ed-1dd8-4738-ab9f-5329206b078f","serialNumber":"2","parameters":null},{"planScriptName":"HPE - ESXi - configure management 1st NIC - 2017-08-22","planScriptUri":"/rest/plan-scripts/94d24a92-01bc-4421-8b71-0cb38868171c","serialNumber":"3","parameters":null},{"planScriptName":"HPE - ESXi - set password - 2017-03-15","planScriptUri":"/rest/plan-scripts/68693322-12e9-4a09-b5f6-00bd88bb8d1e","serialNumber":"4","parameters":null},{"planScriptName":"HPE - ESXi - configure ssh - 2017-03-15","planScriptUri":"/rest/plan-scripts/ffa8d1cc-e831-4486-8a62-fa6bcfd59bf2","serialNumber":"5","parameters":null},{"planScriptName":"HPE - ESXi - repack state - 2017-03-15","planScriptUri":"/rest/plan-scripts/de074e5c-3303-4518-87e5-cb854739ab9b","serialNumber":"6","parameters":null},{"planScriptName":"HPE - ESXi - umount - 2017-03-15","planScriptUri":"/rest/plan-scripts/812d64ba-302c-414e-ab4a-d4c21fa8f5bf","serialNumber":"7","parameters":null}],"eTag":null,"created":null,"modified":null,"hpProvided":true,"etag":null,"buildPlanid":"8dcce22a-0937-462f-b108-925b3964098f","oeBuildPlanType":"deploy","category":null,"description":"Personalize ESXi 5.x, 6.x image with single management NIC, hostname, domain name, root password and ssh settings. (c) Copyright 2017 Hewlett Packard Enterprise Development LP. Licensed under the Apache License, Version 2.0  (the \"License\");...","uri":null,"status":null,"name":"HPE- ESXi - deploy in single frame non-HA config- 2017-08-22"}