{"type":"PlanScript","dependentArtifacts":null,"hpProvided":true,"eTag":null,"created":null,"modified":null,"planType":"deploy","customAttributes":null,"category":null,"description":"Configures HA for iSCSI boot path for ESXi","uri":null,"status":null,"name":"HPE - ESXi - configure iSCSI boot HA - 2017-06-13","id":"c0ba7305-87aa-401b-bc85-f3f6f7921ab3","state":null,"content":"# (c) Copyright 2017 Hewlett Packard Enterprise Development LP\n#\n# Licensed under the Apache License, Version 2.0 (the \"License\");\n# you may not use this file except in compliance with the License.\n# You may obtain a copy of the License at #http://www.apache.org/licenses/LICENSE-2.0\n#\n# Unless required by applicable law or agreed to in writing, software distributed\n# under the License is distributed on an \"AS IS\" BASIS, WITHOUT WARRANTIES #OR\n# CONDITIONS OF ANY KIND, either express or implied. See the License for the\n# specific language governing permissions and limitations under the License.\n\necho \"########################################\"\necho \"Configure HA for iSCSI deployment connections\"\necho \"########################################\"\n\n\nupload -<<END /ImageStreamer/esxi_mgmt_net\n#! /bin/bash\n\necho \"Configure HA for iSCSI deployment connections\"\ncat <<\"EOF\" >>local.sh\n\n#This command assumes that ESXi has booted via vmnic0 attached to vSwitch0, \n#so that we know the next NIC vmnic1 is also configured for deployment. This \n#command works when during SP creation, deployment connections are selected \n#first, and other connections are added later.\n\nesxcli network vswitch standard uplink add --uplink-name=vmnic1 --vswitch-name=vSwitch0\n\n\nEOF\n\n\nexit 0\nEND\n\ndownload /ImageStreamer/esxi_mgmt_net ./esxi_mgmt_net\necho \"Run esxi_mgmt_net\"\n!source ./esxi_mgmt_net\necho \"Configure iSCSI boot HA complete\""}