{"type":"PlanScript","dependentArtifacts":null,"hpProvided":true,"eTag":null,"created":null,"modified":null,"planType":"capture","customAttributes":null,"category":null,"description":"Clear the contents of local.sh in onetime.tgz and revert it to default contents","uri":null,"status":null,"name":"HPE - ESXi - generalize onetime - 2017-08-02","id":"d6bd17a7-589e-4cb1-8747-e98539f44b68","state":null,"content":"# (c) Copyright 2017 Hewlett Packard Enterprise Development LP\n#\n# Licensed under the Apache License, Version 2.0 (the \"License\");\n# you may not use this file except in compliance with the License.\n# You may obtain a copy of the License at #http://www.apache.org/licenses/LICENSE-2.0\n#\n# Unless required by applicable law or agreed to in writing, software distributed\n# under the License is distributed on an \"AS IS\" BASIS, WITHOUT WARRANTIES #OR\n# CONDITIONS OF ANY KIND, either express or implied. See the License for the\n# specific language governing permissions and limitations under the License.\n\n\necho \"########################################\"\necho \"clear local.sh in onetime.tgz\"\necho \"########################################\"\n\n\nupload -<<END /ImageStreamer/clear_local_sh\n#! /bin/bash\n\nDIR=`pwd`\ncd $DIR/esxi_onetime\n\n#overwrite local.sh in onetime.tgz with default contents\n\ntouch $DIR/local.sh\n\ncat <<EOT >> $DIR/local.sh\n#!/bin/sh\n\n# local configuration options\n\n# Note: modify at your own risk!  If you do/use anything in this\n# script that is not part of a stable API (relying on files to be in\n# specific places, specific tools, specific output, etc) there is a\n# possibility you will end up with a broken system after patching or\n# upgrading.  Changes are not supported unless under direction of\n# VMware support.\n\nEOT\n\necho \"clear local.sh in onetime.tgz complete.\"\nexit 0\nEND\n\ndownload /ImageStreamer/clear_local_sh ./clear_local_sh\n\necho \"Run  clear_local_sh script\"\n!source ./clear_local_sh\necho"}