{"type":"OeBuildPlan","dependentArtifacts":null,"customAttributes":[{"constraints":"{\"options\":[\"enabled\"]}","description":"","name":"SSH","value":"enabled","type":"option"},{"constraints":"{\"ipv4static\":true,\"ipv4dhcp\":true,\"ipv4disable\":false,\"parameters\":[\"dns1\",\"dns2\",\"gateway\",\"ipaddress\",\"mac\",\"netmask\",\"vlanid\"]}","description":"","name":"ManagementNIC","value":null,"type":"nic"},{"constraints":"{}","description":"Password value must meet password complexity and minimum length requirements defined for ESXi 5.x, ESXi 6.x appropriately.","name":"Password","value":"","type":"password"},{"constraints":"{\"helpText\":\"\",\"options\":[\"\"]}","description":"","name":"DomainName","value":"","type":"fqdn"},{"constraints":"{\"helpText\":\"\"}","description":"","name":"Hostname","value":"","type":"hostname"},{"constraints":"{\"ipv4static\":true,\"ipv4dhcp\":false,\"ipv4disable\":false,\"parameters\":[\"mac\"]}","description":"","name":"ManagementNIC2","value":"","type":"nic"}],"buildStep":[{"planScriptUri":"/rest/plan-scripts/1a14ce5e-f692-4924-bdf4-ec98a615b531","planScriptName":"HPE - ESXi - mount - 2017-03-15","parameters":null,"serialNumber":"1"},{"planScriptUri":"/rest/plan-scripts/25bb27bd-91d0-4556-9f14-1ebf00962205","planScriptName":"HPE - ESXi - unpack state - 2017-03-15","parameters":null,"serialNumber":"2"},{"planScriptUri":"/rest/plan-scripts/b8142814-0603-4071-9656-630ffbbe1601","planScriptName":"HPE - ESXi - configure iSCSI boot HA - 2017-03-15","parameters":null,"serialNumber":"3"},{"planScriptUri":"/rest/plan-scripts/c4be7f02-b3c3-442f-a12c-f6424a140093","planScriptName":"HPE - ESXi - configure management 1st NIC - 2017-03-16","parameters":null,"serialNumber":"4"},{"planScriptUri":"/rest/plan-scripts/1eb536f3-02fa-4dc1-87f9-75f052c623f0","planScriptName":"HPE - ESXi - configure management 2nd NIC HA - 2017-03-15","parameters":null,"serialNumber":"5"},{"planScriptUri":"/rest/plan-scripts/dfbf5f2f-b428-455f-92c1-b627b575ed61","planScriptName":"HPE - ESXi - set password - 2017-03-15","parameters":null,"serialNumber":"6"},{"planScriptUri":"/rest/plan-scripts/d218206e-c7e6-4d59-9c32-0b6d0e576ad2","planScriptName":"HPE - ESXi - configure ssh - 2017-03-15","parameters":null,"serialNumber":"7"},{"planScriptUri":"/rest/plan-scripts/1761ffe4-2443-4cc0-9acd-de526a62d598","planScriptName":"HPE - ESXi - repack state - 2017-03-15","parameters":null,"serialNumber":"8"},{"planScriptUri":"/rest/plan-scripts/23fad7a8-2a3f-4357-95af-388b2b687c4c","planScriptName":"HPE - ESXi - umount - 2017-03-15","parameters":null,"serialNumber":"9"}],"eTag":null,"created":null,"modified":null,"etag":null,"hpProvided":true,"buildPlanid":"00a5d363-b054-42d7-affb-2a0ef3e3d820","oeBuildPlanType":"deploy","category":null,"description":"Deploy ESXi 5.x or 6.x in a multi-frame environment containing a pair of ImageStreamer appliances. This buildplan configures HA for iSCSI boot connections to ESXi volume.","uri":null,"status":null,"name":"HPE - ESXi - deploy in multi frame config - 2017-03-16"}