{"type":"OeBuildPlan","dependentArtifacts":null,"customAttributes":[],"buildStep":[{"planScriptUri":"/rest/plan-scripts/1a14ce5e-f692-4924-bdf4-ec98a615b531","planScriptName":"HPE - ESXi - mount - 2017-03-15","parameters":null,"serialNumber":"1"},{"planScriptUri":"/rest/plan-scripts/ec589299-c261-45b1-bd09-323bf3149aad","planScriptName":"HPE - ESXi - generalize host configuration - 2017-03-15","parameters":null,"serialNumber":"2"},{"planScriptUri":"/rest/plan-scripts/23fad7a8-2a3f-4357-95af-388b2b687c4c","planScriptName":"HPE - ESXi - umount - 2017-03-15","parameters":null,"serialNumber":"3"}],"eTag":null,"created":null,"modified":null,"etag":null,"hpProvided":true,"buildPlanid":"17e16821-3dc5-430d-862d-7c6d9a9d85ae","oeBuildPlanType":"capture","category":null,"description":"Remove personalization settings from ESXi 5.x, 6.x images","uri":null,"status":null,"name":"HPE - ESXi - generalize full state - 2017-03-15"}