{"type":"PlanScript","dependentArtifacts":null,"hpProvided":true,"eTag":null,"created":null,"modified":null,"customAttributes":null,"planType":"general","category":null,"description":"Cleanup and unmount file systems","uri":null,"status":null,"name":"HPE - ESXi - umount - 2017-03-15","id":"23fad7a8-2a3f-4357-95af-388b2b687c4c","state":null,"content":"# (c) Copyright 2017 Hewlett Packard Enterprise Development LP\n#\n# Licensed under the Apache License, Version 2.0 (the \"License\");\n# you may not use this file except in compliance with the License.\n# You may obtain a copy of the License at #http://www.apache.org/licenses/LICENSE-2.0\n#\n# Unless required by applicable law or agreed to in writing, software distributed\n# under the License is distributed on an \"AS IS\" BASIS, WITHOUT WARRANTIES #OR\n# CONDITIONS OF ANY KIND, either express or implied. See the License for the\n# specific language governing permissions and limitations under the License.\n\n\necho \"########################################\"\necho \"Cleanup and unmount file systems \"\necho \"########################################\"\n\necho \"Remove ImageStreamer temp directory\"\nrm-rf /ImageStreamer\n\necho \"Unmount file systems\"\numount /\necho"}