{"type":"PlanScript","dependentArtifacts":null,"hpProvided":true,"eTag":null,"created":null,"modified":null,"customAttributes":null,"planType":"general","category":null,"description":"Copy out and unpack ESXi host state","uri":null,"status":null,"name":"HPE - ESXi - unpack state - 2017-03-15","id":"25bb27bd-91d0-4556-9f14-1ebf00962205","state":null,"content":"# (c) Copyright 2017 Hewlett Packard Enterprise Development LP\n#\n# Licensed under the Apache License, Version 2.0 (the \"License\");\n# you may not use this file except in compliance with the License.\n# You may obtain a copy of the License at #http://www.apache.org/licenses/LICENSE-2.0\n#\n# Unless required by applicable law or agreed to in writing, software distributed\n# under the License is distributed on an \"AS IS\" BASIS, WITHOUT WARRANTIES #OR\n# CONDITIONS OF ANY KIND, either express or implied. See the License for the\n# specific language governing permissions and limitations under the License.\n\n\necho \"########################################\"\necho \"Copy out and unpack ESXi host state\"\necho \"########################################\"\n\necho \"Create ImageStreamer temp directory\"\n-mkdir /ImageStreamer\necho\n\necho \"Extract ESXi host configuration from Golden Image\"\necho \"Copy out boot.cfg\"\ndownload /boot.cfg boot.cfg\necho \"Copy out state.tgz if present\"\n-download /state.tgz state.tgz\necho \"Copy out onetime.tgz if present\"\n-download /onetime.tgz onetime.tgz\necho\n\necho \"Build esxi_unpack ESXi host state unpack script\"\nupload -<<END /ImageStreamer/esxi_unpack\n#! /bin/bash\nDIR=`pwd`\n\necho \"Finding ESXi host state configuration archive in Golden Image\"\nSTATE=`grep -c onetime.tgz $DIR/boot.cfg`\nif [ \"$STATE\" -eq \"0\" ]; then\n    echo\n    echo \"Unpack state.tgz\"\n    mkdir $DIR/esxi_state\n    cd $DIR/esxi_state\n    tar xvpzf $DIR/state.tgz\n    echo\n    echo \"Unpack local.tgz\"\n    mkdir $DIR/esxi_local\n    cd $DIR/esxi_local\n    tar xvpzf $DIR/esxi_state/local.tgz\n    echo\nelse\n    echo\n    echo \"Unpack onetime.tgz\"\n    mkdir $DIR/esxi_onetime\n    cd $DIR/esxi_onetime\n    tar xvpzf $DIR/onetime.tgz\n    echo\nfi\n\nif [ -e etc/rc.local.d/local.sh ]; then\n    cp etc/rc.local.d/local.sh $DIR/local.sh\nfi\n\necho \"Unpacking ESXi host state complete.\"\nexit 0\nEND\ndownload /ImageStreamer/esxi_unpack ./esxi_unpack\necho\n\necho \"Build esxi_repack ESXi host state repack script\"\nupload -<<END /ImageStreamer/esxi_repack\n#! /bin/bash\nDIR=`pwd`\n\necho \"---------------------------------------------------------------\"\necho \"Final ESXi host local.sh content for configuration at first boot:\"\ncat $DIR/local.sh\necho \"---------------------------------------------------------------\"\necho\n\necho \"Finding ESXi host state configuration archive\"\nSTATE=`grep -c onetime.tgz $DIR/boot.cfg`\nif [ \"$STATE\" -eq \"0\" ]; then\n    echo\n    echo \"Repack local.tgz\"\n    cd $DIR/esxi_local\n    mkdir -p etc/rc.local.d\n    cp $DIR/local.sh etc/rc.local.d/local.sh\n    chmod 777 etc/rc.local.d/local.sh\n    tar cvpzf $DIR/esxi_state/local.tgz *\n    echo\n    echo \"Repack state.tgz\"\n    cd $DIR/esxi_state\n    tar cvpzf $DIR/state.tgz *\n    echo\nelse\n    echo\n    echo \"Repack onetime.tgz\"\n    cd $DIR/esxi_onetime\n    mkdir -p etc/rc.local.d\n    cp $DIR/local.sh etc/rc.local.d/local.sh\n    chmod 777 etc/rc.local.d/local.sh\n    tar cvpzf $DIR/onetime.tgz *\n    touch $DIR/state.tgz\n    echo\nfi\necho \"Repacking ESXi host state complete.\"\nexit 0\nEND\ndownload /ImageStreamer/esxi_repack ./esxi_repack\necho\n\necho \"Run  esxi_repack ESXi host state unpack script\"\n!source ./esxi_unpack\necho"}