{"type":"PlanScript","dependentArtifacts":null,"hpProvided":true,"eTag":null,"created":null,"modified":null,"customAttributes":null,"planType":"deploy","category":null,"description":"Configure ssh","uri":null,"status":null,"name":"HPE - ESXi - configure ssh - 2017-03-15","id":"d218206e-c7e6-4d59-9c32-0b6d0e576ad2","state":null,"content":"# (c) Copyright 2017 Hewlett Packard Enterprise Development LP\n#\n# Licensed under the Apache License, Version 2.0 (the \"License\");\n# you may not use this file except in compliance with the License.\n# You may obtain a copy of the License at #http://www.apache.org/licenses/LICENSE-2.0\n#\n# Unless required by applicable law or agreed to in writing, software distributed\n# under the License is distributed on an \"AS IS\" BASIS, WITHOUT WARRANTIES #OR\n# CONDITIONS OF ANY KIND, either express or implied. See the License for the\n# specific language governing permissions and limitations under the License.\n\necho \"########################################\"\necho \"Configure ssh\"\necho \"########################################\"\n\nupload -<<END /ImageStreamer/esxi_ssh\n#!/bin/bash\nif [ \"@SSH:enabled@\" = \"enabled\" ]; then\ncat <<\"EOF\" >>local.sh\nvim-cmd hostsvc/enable_esx_shell\nvim-cmd hostsvc/start_esx_shell\nvim-cmd hostsvc/enable_ssh\nvim-cmd hostsvc/start_ssh\n\nEOF\nfi\n\nexit 0\nEND\n\ndownload /ImageStreamer/esxi_ssh esxi_ssh\necho \"Run esxi_ssh\"\n!source ./esxi_ssh"}