{"type":"PlanScript","uri":null,"category":null,"eTag":null,"created":null,"modified":null,"id":"b107b16d-093a-4990-b0bd-ca75dfabe210","name":"HPE - ESXi  - Broadcom FCOE Discover - 2017-04-05","description":"Enable Broadcom FCoE Offload on Broadcom NetXtreme II FCoE Offload Capable Ethernet Devices.","status":null,"state":null,"planType":"deploy","content":"# (c) Copyright 2017 Hewlett Packard Enterprise Development LP\n#\n# Licensed under the Apache License, Version 2.0 (the \"License\");\n# you may not use this file except in compliance with the License.\n# You may obtain a copy of the License at #http://www.apache.org/licenses/LICENSE-2.0\n#\n# Unless required by applicable law or agreed to in writing, software distributed\n# under the License is distributed on an \"AS IS\" BASIS, WITHOUT WARRANTIES #OR\n# CONDITIONS OF ANY KIND, either express or implied. See the License for the\n# specific language governing permissions and limitations under the License.\n\necho \"########################################\"\necho \"Enable Broadcom FCoE Offload                                                            \"\necho \"########################################\"\n\nupload -<<END /ImageStreamer/esxi_broadcomoffload\n#! /bin/bash\ncat <<\"EOF\" >>local.sh\nesxcli fcoe nic list | grep -i \"^vmnic\" > /scratch/vmnic_fc.txt\n\ncount=$(esxcli fcoe nic list | grep -c vmnic)\n\nfor i in $(seq 1 1 $count)\ndo\n        vmnic=$(sed -n \"$i\"p /scratch/vmnic_fc.txt)\n        ethtool -i $vmnic | grep \"bnx2\" &> /dev/null\n        # Only Run the command for Broadcom adapters\n        if [ $? -eq 0 ]; then\n                 esxcli fcoe nic discover -n $vmnic;\n        fi\n            sleep 1;\ndone\nrm -f /scratch/vmnic_fc.txt\nEOF\n\nexit 0\nEND\n\ndownload /ImageStreamer/esxi_broadcomoffload esxi_broadcomoffload\n!source ./esxi_broadcomoffload\necho","customAttributes":null,"hpProvided":true,"dependentArtifacts":null}