{"type":"OeBuildPlan","uri":null,"category":null,"eTag":null,"created":null,"modified":null,"buildPlanid":"c965bdb7-c689-4632-a893-a23d1cb51859","name":"HPE - ESXi - generalize full state - 2018-04-24","description":"Remove personalization settings from ESXi 5.x, 6.x images.\n(c) Copyright 2018 Hewlett Packard Enterprise Development LP. Licensed under the Apache License, Version 2.0 (the \"License\"); ...","status":null,"hpProvided":true,"oeBuildPlanType":"capture","buildStep":[{"planScriptUri":"/rest/plan-scripts/69bb5f62-dfd6-4f08-a484-9524f8b3ebf3","serialNumber":"1","parameters":null,"planScriptName":"HPE - ESXi - mount - 2018-04-24"},{"planScriptUri":"/rest/plan-scripts/775e0de8-70d2-47ad-a4de-61a6c3300208","serialNumber":"2","parameters":null,"planScriptName":"HPE - ESXi - generalize host configuration - 2017-07-12"},{"planScriptUri":"/rest/plan-scripts/978989db-40bc-4c93-87f2-3a3effded45f","serialNumber":"3","parameters":null,"planScriptName":"HPE - ESXi - unpack state - 2017-07-07"},{"planScriptUri":"/rest/plan-scripts/c31fd956-52b8-4ec4-b417-e3960c8a56f9","serialNumber":"4","parameters":null,"planScriptName":"HPE - ESXi - generalize onetime - 2017-09-27"},{"planScriptUri":"/rest/plan-scripts/7fa5a01f-c94c-4b66-978a-9f620534ba09","serialNumber":"5","parameters":null,"planScriptName":"HPE - ESXi - remove system uuid - 2017-08-02"},{"planScriptUri":"/rest/plan-scripts/8607f304-2fae-412d-a70c-be8aa22b1fe1","serialNumber":"6","parameters":null,"planScriptName":"HPE - ESXi - repack state - 2017-03-15"},{"planScriptUri":"/rest/plan-scripts/3bb46e66-23c7-4d4b-a44a-c7d40fb29f36","serialNumber":"7","parameters":null,"planScriptName":"HPE - ESXi - umount - 2017-03-15"}],"customAttributes":[],"dependentArtifacts":null}