{"type":"OeBuildPlan","uri":null,"category":null,"eTag":null,"created":null,"modified":null,"buildPlanid":"cc6552d6-3442-4d15-ab13-afc6114831a3","name":"HPE - ESXi - deploy with multiple management NIC HA config- 2018-05-10","description":"Deploy ESXi 5.x or 6.x in a multi-frame environment containing a pair of ImageStreamer appliances. This buildplan configures HA for iSCSI boot connections to ESXi volume. (c) Copyright 2017 Hewlett Packard Enterprise Development LP. Licensed under...","status":null,"hpProvided":true,"oeBuildPlanType":"deploy","buildStep":[{"planScriptUri":"/rest/plan-scripts/3f14c7fb-a323-4415-957a-fa5c16e0b97b","serialNumber":"1","parameters":null,"planScriptName":"HPE - ESXi - mount - 2018-04-24_updated"},{"planScriptUri":"/rest/plan-scripts/978989db-40bc-4c93-87f2-3a3effded45f","serialNumber":"2","parameters":null,"planScriptName":"HPE - ESXi - unpack state - 2017-07-07"},{"planScriptUri":"/rest/plan-scripts/2031b37c-895b-44e6-9e54-8634b1ad6d9d","serialNumber":"3","parameters":null,"planScriptName":"HPE - ESXi - configure iSCSI boot HA - 2017-06-13"},{"planScriptUri":"/rest/plan-scripts/7372612f-2fd4-43ef-8132-af0d8dbe8cfe","serialNumber":"4","parameters":null,"planScriptName":"HPE - ESXi - set password - 2017-03-15"},{"planScriptUri":"/rest/plan-scripts/916691b2-2bb6-48c2-a5e7-8624f213f3d5","serialNumber":"5","parameters":null,"planScriptName":"HPE - ESXi - configure management 1st NIC - 2017-08-22"},{"planScriptUri":"/rest/plan-scripts/2b8c79d1-c61b-4bc0-8a29-7df37a4d386c","serialNumber":"6","parameters":null,"planScriptName":"HPE - ESXi - configure management 2nd NIC HA - 2017-07-07"},{"planScriptUri":"/rest/plan-scripts/bcbf887c-e40d-4ff4-8724-63c8095110cc","serialNumber":"7","parameters":null,"planScriptName":"HPE - ESXi - configure ssh - 2017-12-15"},{"planScriptUri":"/rest/plan-scripts/8607f304-2fae-412d-a70c-be8aa22b1fe1","serialNumber":"8","parameters":null,"planScriptName":"HPE - ESXi - repack state - 2017-03-15"},{"planScriptUri":"/rest/plan-scripts/3bb46e66-23c7-4d4b-a44a-c7d40fb29f36","serialNumber":"9","parameters":null,"planScriptName":"HPE - ESXi - umount - 2017-03-15"}],"customAttributes":[{"name":"ManagementNIC","description":"Configuring first NIC for Teaming in ESXi","value":null,"constraints":"{\"ipv4static\":true,\"ipv4dhcp\":true,\"ipv4disable\":false,\"parameters\":[\"dns1\",\"dns2\",\"gateway\",\"ipaddress\",\"mac\",\"netmask\",\"vlanid\"]}","type":"nic"},{"name":"DomainName","description":"Fully Qualified Domain Name for ESXi host","value":"","constraints":"{\"helpText\":\"\"}","type":"fqdn"},{"name":"Hostname","description":"Hostname for VMware ESXi host. The hostname value can be defined manually or by using the tokens. This value must conform to valid hostname requirement defined by Internet standards.","value":"","constraints":"{\"helpText\":\"\"}","type":"hostname"},{"name":"ManagementNIC2","description":"Configuring second NIC for Teaming in ESXi","value":null,"constraints":"{\"ipv4static\":true,\"ipv4dhcp\":false,\"ipv4disable\":false,\"parameters\":[\"mac\",\"vlanid\"]}","type":"nic"},{"name":"SSH","description":"To enable/disable and start/stop SSH in ESXi","value":"enabled","constraints":"{\"options\":[\"enabled\",\"disabled\"]}","type":"option"},{"name":"Password","description":"Password value must meet password complexity and minimum length requirements defined for ESXi 5.x, ESXi 6.x appropriately.","value":"","constraints":"{\"options\":[\"\"]}","type":"password"}],"dependentArtifacts":null}