{"type":"OeBuildPlan","uri":null,"category":null,"eTag":null,"created":null,"modified":null,"buildPlanid":"3f21116a-37b8-44a2-9ccd-3d64314eda1d","name":"HPE - ESXi - generalize full state - 2018-07-31","description":"Remove personalization settings from ESXi 5.x - 6.5 images.\n(c) Copyright 2018 Hewlett Packard Enterprise Development LP. Licensed under the Apache License, Version 2.0 (the \"License\"); ...","status":null,"hpProvided":true,"oeBuildPlanType":"capture","buildStep":[{"planScriptUri":"/rest/plan-scripts/cc3f75d4-7ef7-4b1c-b75b-1c35eacb87ee","serialNumber":"1","parameters":null,"planScriptName":"HPE - ESXi - mount - 2018-07-31"},{"planScriptUri":"/rest/plan-scripts/c1234a4b-3d0c-42ee-9790-5ab0498ed957","serialNumber":"2","parameters":null,"planScriptName":"HPE - ESXi - generalize host configuration - 2017-07-12"},{"planScriptUri":"/rest/plan-scripts/01a89531-9fb5-45e0-b41d-df2906169d5e","serialNumber":"3","parameters":null,"planScriptName":"HPE - ESXi - unpack state - 2017-07-07"},{"planScriptUri":"/rest/plan-scripts/887d34e2-3f0c-4dc9-9826-1553c0400f4d","serialNumber":"4","parameters":null,"planScriptName":"HPE - ESXi - generalize onetime - 2017-09-27"},{"planScriptUri":"/rest/plan-scripts/46c917c5-979a-4735-a7cd-17360a9db17e","serialNumber":"5","parameters":null,"planScriptName":"HPE - ESXi - remove system uuid - 2017-08-02"},{"planScriptUri":"/rest/plan-scripts/9e16c59b-ac6b-4ad6-9e67-39616731b1bd","serialNumber":"6","parameters":null,"planScriptName":"HPE - ESXi - repack state - 2017-03-15"},{"planScriptUri":"/rest/plan-scripts/0f24bfd3-bb8a-449b-a29e-d20cfdfb9235","serialNumber":"7","parameters":null,"planScriptName":"HPE - ESXi - umount - 2017-03-15"}],"customAttributes":[],"dependentArtifacts":null}