{"type":"OeBuildPlan","uri":null,"category":null,"eTag":null,"created":null,"modified":null,"buildPlanid":"c7de4e45-b019-420b-94c8-512c7c57aec4","name":"HPE- ESXi - deploy in single frame non-HA config- 2018-07-31","description":"Personalize ESXi 5.x - 6.5 image with single management NIC, hostname, domain name, root password and ssh settings. (c) Copyright 2018 Hewlett Packard Enterprise Development LP. Licensed under the Apache License, Version 2.0  (the \"License\");...","status":null,"hpProvided":true,"oeBuildPlanType":"deploy","buildStep":[{"planScriptUri":"/rest/plan-scripts/cc3f75d4-7ef7-4b1c-b75b-1c35eacb87ee","serialNumber":"1","parameters":null,"planScriptName":"HPE - ESXi - mount - 2018-07-31"},{"planScriptUri":"/rest/plan-scripts/01a89531-9fb5-45e0-b41d-df2906169d5e","serialNumber":"2","parameters":null,"planScriptName":"HPE - ESXi - unpack state - 2017-07-07"},{"planScriptUri":"/rest/plan-scripts/e4736909-6208-432e-8f47-c1b3a40ffdc9","serialNumber":"3","parameters":null,"planScriptName":"HPE - ESXi - set password - 2017-03-15"},{"planScriptUri":"/rest/plan-scripts/f03901f3-c6ab-4ecf-bb35-c1d4807a5b95","serialNumber":"4","parameters":null,"planScriptName":"HPE - ESXi - configure management 1st NIC - 2017-08-22"},{"planScriptUri":"/rest/plan-scripts/7ecee474-bfca-4563-bae5-64b3ad24b14d","serialNumber":"5","parameters":null,"planScriptName":"HPE - ESXi - configure ssh - 2017-12-15"},{"planScriptUri":"/rest/plan-scripts/9e16c59b-ac6b-4ad6-9e67-39616731b1bd","serialNumber":"6","parameters":null,"planScriptName":"HPE - ESXi - repack state - 2017-03-15"},{"planScriptUri":"/rest/plan-scripts/0f24bfd3-bb8a-449b-a29e-d20cfdfb9235","serialNumber":"7","parameters":null,"planScriptName":"HPE - ESXi - umount - 2017-03-15"}],"customAttributes":[{"name":"ManagementNIC","description":"Configuring NIC on ESXi host","value":null,"constraints":"{\"ipv4static\":true,\"ipv4dhcp\":true,\"ipv4disable\":false,\"parameters\":[\"dns1\",\"dns2\",\"gateway\",\"ipaddress\",\"mac\",\"netmask\",\"vlanid\"]}","type":"nic"},{"name":"DomainName","description":"Fully Qualified Domain Name for the ESXi host","value":"","constraints":"{\"helpText\":\"\"}","type":"fqdn"},{"name":"Hostname","description":"Hostname for VMware ESXi host. The hostname value can be defined manually or by using the tokens. This value must conform to valid hostname requirement defined by Internet standards.","value":"","constraints":"{\"helpText\":\"\"}","type":"hostname"},{"name":"SSH","description":"To enable/disable and start/stop SSH in ESXi","value":"enabled","constraints":"{\"options\":[\"enabled\",\"disabled\"]}","type":"option"},{"name":"Password","description":"Password value must meet password complexity and minimum length requirements defined for ESXi 5.x, ESXi 6.x appropriately.","value":"","constraints":"{\"maxlen\":\"20\"}","type":"password"}],"dependentArtifacts":null}