{"type":"OeBuildPlan","dependentArtifacts":null,"customAttributes":[{"constraints":"{\"options\":[\"enabled\"]}","description":"","name":"SSH","value":"enabled","type":"option"},{"constraints":"{\"ipv4static\":true,\"ipv4dhcp\":true,\"ipv4disable\":false,\"parameters\":[\"dns1\",\"dns2\",\"gateway\",\"ipaddress\",\"mac\",\"netmask\",\"vlanid\"]}","description":"","name":"ManagementNIC","value":null,"type":"nic"},{"constraints":"{}","description":"Password value must meet password complexity and minimum length requirements defined for ESXi 5.x, ESXi 6.x appropriately.","name":"Password","value":"","type":"password"},{"constraints":"{\"helpText\":\"\",\"options\":[\"\"]}","description":"","name":"DomainName","value":"","type":"fqdn"},{"constraints":"{\"helpText\":\"\"}","description":"","name":"Hostname","value":"","type":"hostname"},{"constraints":"{\"ipv4static\":true,\"ipv4dhcp\":false,\"ipv4disable\":false,\"parameters\":[\"mac\"]}","description":"","name":"ManagementNIC2","value":"","type":"nic"}],"buildStep":[{"planScriptUri":"/rest/plan-scripts/6c3371a0-e439-4db0-9754-c3defba2ddbe","planScriptName":"HPE - ESXi - mount - 2017-03-15","serialNumber":"1","parameters":null},{"planScriptUri":"/rest/plan-scripts/75a8f1aa-5849-4e8b-a7f8-cb3740968f2d","planScriptName":"HPE - ESXi - unpack state - 2017-03-15","serialNumber":"2","parameters":null},{"planScriptUri":"/rest/plan-scripts/bbc5a1ec-8895-4e3b-bb14-8e66862bd552","planScriptName":"HPE - ESXi - configure iSCSI boot HA - 2017-03-15","serialNumber":"3","parameters":null},{"planScriptUri":"/rest/plan-scripts/11604b94-e639-4166-b3ba-d9376d976709","planScriptName":"HPE - ESXi - configure management 1st NIC - 2017-03-16","serialNumber":"4","parameters":null},{"planScriptUri":"/rest/plan-scripts/44091e14-a273-4759-9460-f1d39b224436","planScriptName":"HPE - ESXi - configure management 2nd NIC HA - 2017-03-15","serialNumber":"5","parameters":null},{"planScriptUri":"/rest/plan-scripts/7e66b187-2e44-417c-8cd3-373b7a6205f7","planScriptName":"HPE - ESXi - set password - 2017-03-15","serialNumber":"6","parameters":null},{"planScriptUri":"/rest/plan-scripts/64bbb00f-51ad-4b79-baef-5ee2a6945237","planScriptName":"HPE - ESXi - configure ssh - 2017-03-15","serialNumber":"7","parameters":null},{"planScriptUri":"/rest/plan-scripts/4e8182c6-bdec-4a0a-9a03-333153c8daae","planScriptName":"HPE - ESXi - repack state - 2017-03-15","serialNumber":"8","parameters":null},{"planScriptUri":"/rest/plan-scripts/9f41b851-de12-4f47-a955-43042b242f32","planScriptName":"HPE - ESXi - umount - 2017-03-15","serialNumber":"9","parameters":null}],"eTag":null,"created":null,"modified":null,"etag":null,"hpProvided":true,"buildPlanid":"331df19a-2063-41ad-aff9-0262aff6fc7f","oeBuildPlanType":"deploy","category":null,"description":"Deploy ESXi 5.x or 6.x in a multi-frame environment containing a pair of ImageStreamer appliances. This buildplan configures HA for iSCSI boot connections to ESXi volume. (c) Copyright 2017 Hewlett Packard Enterprise Development LP. Licensed under...","status":null,"uri":null,"name":"HPE - ESXi - deploy with multiple management NIC HA config- 2017-03-24"}