{"type":"OeBuildPlan","dependentArtifacts":null,"customAttributes":[],"buildStep":[{"planScriptUri":"/rest/plan-scripts/6c3371a0-e439-4db0-9754-c3defba2ddbe","planScriptName":"HPE - ESXi - mount - 2017-03-15","serialNumber":"1","parameters":null},{"planScriptUri":"/rest/plan-scripts/1f91eab5-b53d-4ff1-9f15-9dfee1b380d1","planScriptName":"HPE - ESXi - generalize host configuration - 2017-03-15","serialNumber":"2","parameters":null},{"planScriptUri":"/rest/plan-scripts/9f41b851-de12-4f47-a955-43042b242f32","planScriptName":"HPE - ESXi - umount - 2017-03-15","serialNumber":"3","parameters":null}],"eTag":null,"created":null,"modified":null,"etag":null,"hpProvided":true,"buildPlanid":"33983346-8835-4275-a5f5-0ea43a725cf1","oeBuildPlanType":"capture","category":null,"description":"Remove personalization settings from ESXi 5.x, 6.x images.\n(c) Copyright 2017 Hewlett Packard Enterprise Development LP. Licensed under the Apache License, Version 2.0 (the \"License\"); ...","status":null,"uri":null,"name":"HPE - ESXi - generalize full state - 2017-03-24"}