{"type":"PlanScript","uri":null,"category":null,"eTag":null,"created":null,"modified":null,"id":"21e30e8a-ac90-448b-a6a9-a85d0ded0aee","name":"HPE - ESXi 6.7 - clear local - 2018-08-02","description":"Clear the contents of local.sh post personalization","status":null,"state":null,"planType":"general","content":"# (c) Copyright 2018-2019 Hewlett Packard Enterprise Development LP\n#\n# Licensed under the Apache License, Version 2.0 (the \"License\");\n# you may not use this file except in compliance with the License.\n# You may obtain a copy of the License at #http://www.apache.org/licenses/LICENSE-2.0\n#\n# Unless required by applicable law or agreed to in writing, software distributed\n# under the License is distributed on an \"AS IS\" BASIS, WITHOUT WARRANTIES #OR\n# CONDITIONS OF ANY KIND, either express or implied. See the License for the\n# specific language governing permissions and limitations under the License.\n\n\necho \"########################################\"\necho \"Clear local.sh\"\necho \"########################################\"\n\n\nupload -<<END /ImageStreamer/clear_local\n#!/bin/bash\n\ncat <<\"EOF\" >>local.sh\n\nmv -f /etc/rc.local.d/local.sh.backup /etc/rc.local.d/local.sh\nauto-backup.sh\n\nEOF\n\nexit 0\nEND\n\ndownload /ImageStreamer/clear_local clear_local\necho \"Run clear_local\"\n!source ./clear_local","customAttributes":null,"hpProvided":true,"dependentArtifacts":null}