{"type":"OeBuildPlan","uri":null,"category":null,"eTag":null,"created":null,"modified":null,"buildPlanid":"870c713f-65c1-4687-a281-fe87d2b8d010","name":"HPE - ESXi 6.7 - deploy in single frame non-HA config - 2019-07-19","description":"Deploy ESXi 6.7 in a multi-frame environment containing a pair of ImageStreamer appliances. This buildplan configures HA for iSCSI boot connections to ESXi volume. (c) Copyright 2018-2019 Hewlett Packard Enterprise Development LP. Licensed under the Apache License, Version 2.0 (the \"License\"); ...","status":null,"hpProvided":true,"oeBuildPlanType":"deploy","buildStep":[{"planScriptUri":"/rest/plan-scripts/7746b365-5b97-4fce-81c6-5ab25c34d926","serialNumber":"1","parameters":null,"planScriptName":"HPE - ESXi - mount - 2018-12-03"},{"planScriptUri":"/rest/plan-scripts/eb6b1afc-f02c-46e2-b165-ce9be7150d49","serialNumber":"2","parameters":null,"planScriptName":"HPE - ESXi 6.7 - unpack state - 2018-08-02"},{"planScriptUri":"/rest/plan-scripts/0801934a-c0cc-41d4-8018-3232cf5aa85c","serialNumber":"3","parameters":null,"planScriptName":"HPE - ESXi 6.7 - replace initiator IP - 2018-08-02"},{"planScriptUri":"/rest/plan-scripts/90edcf06-008c-4c90-99bb-d1d27790b48f","serialNumber":"4","parameters":null,"planScriptName":"HPE - ESXi 6.7 - remove system uuid - 2018-08-02"},{"planScriptUri":"/rest/plan-scripts/632493f7-87a6-4003-90fd-d49defe9bbda","serialNumber":"5","parameters":null,"planScriptName":"HPE - ESXi 6.7 - remove host-server IP - 2019-07-19"},{"planScriptUri":"/rest/plan-scripts/617bc64f-c16e-472d-8864-d185039fa290","serialNumber":"6","parameters":null,"planScriptName":"HPE - ESXi 6.7 - generalize state - 2018-08-02"},{"planScriptUri":"/rest/plan-scripts/68bb8a6c-717b-4cb0-9c79-55a726cf7fa8","serialNumber":"7","parameters":null,"planScriptName":"HPE - ESXi - set password - 2017-03-15"},{"planScriptUri":"/rest/plan-scripts/fed65a25-4f98-4c00-af45-e298e35545bc","serialNumber":"8","parameters":null,"planScriptName":"HPE - ESXi - configure management 1st NIC - 2017-08-22"},{"planScriptUri":"/rest/plan-scripts/56e9fc1b-ec4e-4e7f-b048-26d69dbd62e5","serialNumber":"9","parameters":null,"planScriptName":"HPE - ESXi - configure ssh - 2017-12-15"},{"planScriptUri":"/rest/plan-scripts/21e30e8a-ac90-448b-a6a9-a85d0ded0aee","serialNumber":"10","parameters":null,"planScriptName":"HPE - ESXi 6.7 - clear local - 2018-08-02"},{"planScriptUri":"/rest/plan-scripts/77329281-431d-42c7-a715-09bf83f03ab2","serialNumber":"11","parameters":null,"planScriptName":"HPE - ESXi - repack state - 2017-03-15"},{"planScriptUri":"/rest/plan-scripts/961a2186-296f-4759-be82-f94f12d74a0c","serialNumber":"12","parameters":null,"planScriptName":"HPE - ESXi - umount - 2017-03-15"}],"customAttributes":[{"name":"ManagementNIC","description":"Configuring first NIC for Teaming in ESXi","value":null,"constraints":"{\"ipv4static\":true,\"ipv4dhcp\":true,\"ipv4disable\":false,\"parameters\":[\"dns1\",\"dns2\",\"gateway\",\"ipaddress\",\"mac\",\"netmask\",\"vlanid\"]}","type":"nic"},{"name":"DomainName","description":"Fully Qualified Domain Name for ESXi host","value":"","constraints":"{\"helpText\":\"\"}","type":"fqdn"},{"name":"Hostname","description":"Hostname for VMware ESXi host. The hostname value can be defined manually or by using the tokens. This value must conform to valid hostname requirement defined by Internet standards.","value":"","constraints":"{\"helpText\":\"\"}","type":"hostname"},{"name":"SSH","description":"To enable/disable and start/stop SSH in ESXi","value":"enabled","constraints":"{\"options\":[\"enabled\",\"disabled\"]}","type":"option"},{"name":"Password","description":"Password value must meet password complexity and minimum length requirements defined for ESXi 5.x, ESXi 6.x appropriately.","value":"","constraints":"{\"options\":[\"\"]}","type":"password"}],"dependentArtifacts":null}