{"type":"OeBuildPlan","uri":null,"category":null,"eTag":null,"created":null,"modified":null,"buildPlanid":"4b2ef21b-42b8-4515-b38e-7e5f3e690343","name":"HPE - ESXi - generalize full state -  2018-12-03","description":"Remove personalization settings from ESXi 5.x - 6.5 images.\n(c) Copyright 2018-2019 Hewlett Packard Enterprise Development LP. Licensed under the Apache License, Version 2.0 (the \"License\"); ...","status":null,"hpProvided":true,"oeBuildPlanType":"capture","buildStep":[{"planScriptUri":"/rest/plan-scripts/a1b7de18-60f1-404b-9582-af6006b08d8e","serialNumber":"1","parameters":null,"planScriptName":"HPE - ESXi - mount - 2018-12-03"},{"planScriptUri":"/rest/plan-scripts/1d0e78c2-b006-4745-b300-ec5d7dad3238","serialNumber":"2","parameters":null,"planScriptName":"HPE - ESXi - generalize host configuration - 2017-07-12"},{"planScriptUri":"/rest/plan-scripts/081ea74c-e79c-41df-a2e3-e0c7cbcb3eb6","serialNumber":"3","parameters":null,"planScriptName":"HPE - ESXi - unpack state - 2017-07-07"},{"planScriptUri":"/rest/plan-scripts/a4ab8199-e43e-475f-806c-4f49e49a6f5d","serialNumber":"4","parameters":null,"planScriptName":"HPE - ESXi - generalize onetime - 2017-09-27"},{"planScriptUri":"/rest/plan-scripts/bf023817-086e-4070-98bc-de0149278796","serialNumber":"5","parameters":null,"planScriptName":"HPE - ESXi - remove system uuid - 2017-08-02"},{"planScriptUri":"/rest/plan-scripts/dd49651c-69bf-40a4-8001-f2c1911eab2b","serialNumber":"6","parameters":null,"planScriptName":"HPE - ESXi - repack state - 2017-03-15"},{"planScriptUri":"/rest/plan-scripts/9c9883d2-d3b7-4b89-a690-49c1ae5e1ae5","serialNumber":"7","parameters":null,"planScriptName":"HPE - ESXi - umount - 2017-03-15"}],"customAttributes":[],"dependentArtifacts":null}