{"type":"OeBuildPlan","uri":null,"category":null,"eTag":null,"created":null,"modified":null,"buildPlanid":"5171e7b2-a496-4104-97fb-acf3ff75abe4","name":"HPE- ESXi - deploy in single frame non-HA config-2019-07-05","description":"Personalize ESXi 5.x - 6.5 image with single management NIC, hostname, domain name, root password and ssh settings. (c) Copyright 2018-2019 Hewlett Packard Enterprise Development LP. Licensed under the Apache License, Version 2.0  (the \"License\");...","status":null,"hpProvided":true,"oeBuildPlanType":"deploy","buildStep":[{"planScriptUri":"/rest/plan-scripts/a1b7de18-60f1-404b-9582-af6006b08d8e","serialNumber":"1","parameters":null,"planScriptName":"HPE - ESXi - mount - 2018-12-03"},{"planScriptUri":"/rest/plan-scripts/081ea74c-e79c-41df-a2e3-e0c7cbcb3eb6","serialNumber":"2","parameters":null,"planScriptName":"HPE - ESXi - unpack state - 2017-07-07"},{"planScriptUri":"/rest/plan-scripts/5b19e75e-33a9-4749-9215-9f5ce0af9879","serialNumber":"3","parameters":null,"planScriptName":"HPE - ESXi - set password - 2017-03-15"},{"planScriptUri":"/rest/plan-scripts/cb245a2c-789a-45a2-b856-e2abbbb25f3e","serialNumber":"4","parameters":null,"planScriptName":"HPE - ESXi - configure management 1st NIC- 2017-08-22"},{"planScriptUri":"/rest/plan-scripts/574b189b-2816-46f2-ae82-fb00c7d8ab6f","serialNumber":"5","parameters":null,"planScriptName":"HPE - ESXi - configure ssh- 2017-12-15"},{"planScriptUri":"/rest/plan-scripts/dd49651c-69bf-40a4-8001-f2c1911eab2b","serialNumber":"6","parameters":null,"planScriptName":"HPE - ESXi - repack state - 2017-03-15"},{"planScriptUri":"/rest/plan-scripts/9c9883d2-d3b7-4b89-a690-49c1ae5e1ae5","serialNumber":"7","parameters":null,"planScriptName":"HPE - ESXi - umount - 2017-03-15"}],"customAttributes":[{"name":"ManagementNIC","description":"Configuring NIC on ESXi host","value":null,"constraints":"{\"ipv4static\":true,\"ipv4dhcp\":true,\"ipv4disable\":false,\"parameters\":[\"dns1\",\"dns2\",\"gateway\",\"ipaddress\",\"mac\",\"netmask\",\"vlanid\"]}","type":"nic"},{"name":"DomainName","description":"Fully Qualified Domain Name for the ESXi host","value":"","constraints":"{\"helpText\":\"\"}","type":"fqdn"},{"name":"Hostname","description":"Hostname for VMware ESXi host. The hostname value can be defined manually or by using the tokens. This value must conform to valid hostname requirement defined by Internet standards.","value":"","constraints":"{\"helpText\":\"\"}","type":"hostname"},{"name":"SSH","description":"To enable/disable and start/stop SSH in ESXi","value":"enabled","constraints":"{\"options\":[\"enabled\",\"disabled\"]}","type":"option"},{"name":"Password","description":"Password value must meet password complexity and minimum length requirements defined for ESXi 5.x, ESXi 6.x appropriately.","value":"","constraints":"{}","type":"password"}],"dependentArtifacts":null}