{"type":"OeBuildPlan","dependentArtifacts":null,"customAttributes":[{"constraints":"{\"options\":[\"enabled\"]}","description":"","name":"SSH","value":"enabled","type":"option"},{"constraints":"{\"ipv4static\":true,\"ipv4dhcp\":true,\"ipv4disable\":false,\"parameters\":[\"dns1\",\"dns2\",\"gateway\",\"ipaddress\",\"mac\",\"netmask\",\"vlanid\"]}","description":"","name":"ManagementNIC","value":null,"type":"nic"},{"constraints":"{}","description":"Password value must meet password complexity and minimum length requirements defined for ESXi 5.x, ESXi 6.x appropriately.","name":"Password","value":"","type":"password"},{"constraints":"{\"helpText\":\"\",\"options\":[\"\"]}","description":"","name":"DomainName","value":"","type":"fqdn"},{"constraints":"{\"helpText\":\"\"}","description":"","name":"Hostname","value":"","type":"hostname"},{"constraints":"{\"ipv4static\":true,\"ipv4dhcp\":false,\"ipv4disable\":false,\"parameters\":[\"mac\"]}","description":"","name":"ManagementNIC2","value":"","type":"nic"}],"buildStep":[{"planScriptUri":"/rest/plan-scripts/cd051e77-ca15-485d-92a0-b7625cfe58f1","planScriptName":"HPE - ESXi - mount - 2017-03-15","parameters":null,"serialNumber":"1"},{"planScriptUri":"/rest/plan-scripts/cf02247f-aa64-4dd2-9a0c-8c35fee4fc30","planScriptName":"HPE - ESXi - unpack state - 2017-03-15","parameters":null,"serialNumber":"2"},{"planScriptUri":"/rest/plan-scripts/307d0b27-fe33-42e5-8d10-d23bef7ec7b7","planScriptName":"HPE - ESXi - configure iSCSI boot HA - 2017-06-13","parameters":null,"serialNumber":"3"},{"planScriptUri":"/rest/plan-scripts/b406fe5e-ba9a-4efd-a6bc-a4fd267f81f4","planScriptName":"HPE - ESXi - configure management 1st NIC - 2017-03-16","parameters":null,"serialNumber":"4"},{"planScriptUri":"/rest/plan-scripts/9d410616-bcad-4309-88a7-328cbce55cfa","planScriptName":"HPE - ESXi - configure management 2nd NIC HA - 2017-03-15","parameters":null,"serialNumber":"5"},{"planScriptUri":"/rest/plan-scripts/69d4c0cd-755f-448f-b76b-80ff8601e024","planScriptName":"HPE - ESXi - set password - 2017-03-15","parameters":null,"serialNumber":"6"},{"planScriptUri":"/rest/plan-scripts/8c2adafa-90b2-4900-9ac9-0d6720614e72","planScriptName":"HPE - ESXi - configure ssh - 2017-03-15","parameters":null,"serialNumber":"7"},{"planScriptUri":"/rest/plan-scripts/6038826f-646a-46a0-b56c-c75e325471da","planScriptName":"HPE - ESXi - repack state - 2017-03-15","parameters":null,"serialNumber":"8"},{"planScriptUri":"/rest/plan-scripts/336c3f61-5d2f-4e37-bba9-46ee1b57af4a","planScriptName":"HPE - ESXi - umount - 2017-03-15","parameters":null,"serialNumber":"9"}],"eTag":null,"created":null,"modified":null,"etag":null,"hpProvided":true,"oeBuildPlanType":"deploy","buildPlanid":"9316af6d-1555-485d-a128-36db5a03fbd6","category":null,"description":"Deploy ESXi 5.x or 6.x in a multi-frame environment containing a pair of ImageStreamer appliances. This buildplan configures HA for iSCSI boot connections to ESXi volume. (c) Copyright 2017 Hewlett Packard Enterprise Development LP. Licensed under...","status":null,"uri":null,"name":"HPE - ESXi - deploy with multiple management NIC HA config- 2017-03-24"}