{"type":"PlanScript","dependentArtifacts":null,"hpProvided":true,"eTag":null,"created":null,"modified":null,"customAttributes":null,"planType":"deploy","category":null,"description":"Configures ESXi Logon Banner","status":null,"uri":null,"name":"HPE - ESXi - Logon Banner - 2017-06-13","id":"9d21f70d-4313-40f5-81ae-531ea3a9301b","state":null,"content":"# (c) Copyright 2017 Hewlett Packard Enterprise Development LP\n#\n# Licensed under the Apache License, Version 2.0 (the \"License\");\n# you may not use this file except in compliance with the License.\n# You may obtain a copy of the License at #http://www.apache.org/licenses/LICENSE-2.0\n#\n# Unless required by applicable law or agreed to in writing, software distributed\n# under the License is distributed on an \"AS IS\" BASIS, WITHOUT WARRANTIES #OR\n# CONDITIONS OF ANY KIND, either express or implied. See the License for the\n# specific language governing permissions and limitations under the License.\n\necho \"########################################\"\necho \"Configure Logon Banner                 \"\necho \"########################################\"\n\nupload -<<END /ImageStreamer/esxi_logon_banner\n#! /bin/bash\n\ncat <<\"EOF\" >>local.sh\n#Pre Logon Message \necho \"*************************************************************************\" >  /etc/issue\necho \"*  !!WARNING!! UNAUTHORIZED USE OF THIS SYSTEM IS STRICTLY PROHIBITED!  *\" >> /etc/issue\necho \"*************************************************************************\" >> /etc/issue\n#Post Logon Message \necho \"**************************************************************************\" >  /etc/motd\necho \"*                  Unauthorized access is prohibited                     *\" >> /etc/motd\necho \"**************************************************************************\" >> /etc/motd\necho \"*                                                                        *\" >> /etc/motd\necho \"*  This system is to be used only by specifically authorized personnel.  *\" >> /etc/motd\necho \"*  Any unauthorized use of the system is unlawful, and may be subject    *\" >> /etc/motd\necho \"*  to civil and/or criminal penalties.                                   *\" >> /etc/motd\necho \"*                                                                        *\" >> /etc/motd\necho \"*  Any use of the system may be logged or monitored without further      *\" >> /etc/motd\necho \"*  notice and resulting logs may be used as evidence in court.           *\" >> /etc/motd\necho \"**************************************************************************\" >> /etc/motd\nEOF\n\nexit 0\nEND\n\ndownload /ImageStreamer/esxi_logon_banner esxi_logon_banner\n!source ./esxi_logon_banner\necho"}