{"type":"PlanScript","dependentArtifacts":null,"hpProvided":true,"eTag":null,"created":null,"modified":null,"customAttributes":null,"planType":"deploy","category":null,"description":"Default Firewall Configuration","status":null,"uri":null,"name":"HPE - ESXi - Firewall Configuration - 2017-06-13","id":"9dffa133-d601-4a2b-ada7-75375056bea9","state":null,"content":"# (c) Copyright 2017 Hewlett Packard Enterprise Development LP\n#\n# Licensed under the Apache License, Version 2.0 (the \"License\");\n# you may not use this file except in compliance with the License.\n# You may obtain a copy of the License at #http://www.apache.org/licenses/LICENSE-2.0\n#\n# Unless required by applicable law or agreed to in writing, software distributed\n# under the License is distributed on an \"AS IS\" BASIS, WITHOUT WARRANTIES #OR\n# CONDITIONS OF ANY KIND, either express or implied. See the License for the\n# specific language governing permissions and limitations under the License.\n\necho \"########################################\"\necho \"Default Firewall Rules                                                                          \"\necho \"########################################\"\n\nupload -<<END /ImageStreamer/esxi_defaultfirewall\n#! /bin/bash\n\ncat <<\"EOF\" >>local.sh\nFIREWALL_SERVICES=\"@FireWallServices:syslog ntpClient updateManager httpClient@\"\nfor SERVICE in ${FIREWALL_SERVICES}\ndo\n esxcli network firewall ruleset set --ruleset-id ${SERVICE} --enabled yes\ndone\nEOF\n\nexit 0\nEND\n\ndownload /ImageStreamer/esxi_defaultfirewall esxi_defaultfirewall\n!source ./esxi_defaultfirewall\necho"}