{"type":"PlanScript","dependentArtifacts":null,"hpProvided":true,"eTag":null,"created":null,"modified":null,"customAttributes":null,"planType":"general","category":null,"description":"Mount ESXi /bootbank","status":null,"uri":null,"name":"HPE - ESXi - mount - 2017-03-15","id":"cd051e77-ca15-485d-92a0-b7625cfe58f1","state":null,"content":"# (c) Copyright 2017 Hewlett Packard Enterprise Development LP\n#\n# Licensed under the Apache License, Version 2.0 (the \"License\");\n# you may not use this file except in compliance with the License.\n# You may obtain a copy of the License at #http://www.apache.org/licenses/LICENSE-2.0\n#\n# Unless required by applicable law or agreed to in writing, software distributed\n# under the License is distributed on an \"AS IS\" BASIS, WITHOUT WARRANTIES #OR\n# CONDITIONS OF ANY KIND, either express or implied. See the License for the\n# specific language governing permissions and limitations under the License.\n\n\n# Mount /bootbank area for ESXi 5.x, 6.x \n#\n# Typical partition layout is:\n# 1 - UEFI ESP\n# 5 - /bootbank  <= holds ESXi host state to be configured\n# 6 - /altbootbank\n\necho \"########################################\"\necho \"Mount ESXi /bootbank\"\necho \"########################################\"\n\n# List structure storage layout found in ESXi Golden Image / OS Volume\necho \"Devices:\"\n-list-devices\necho\necho \"Partitions:\"\n-list-partitions\necho\necho \"File systems:\"\n-list-filesystems\necho\n\necho \"Mount file systems:\"\necho \"/dev/sda5 is assumed to hold ESXi host state configuration\"\necho \"mount /dev/sda5\"\nmount /dev/sda5 /\necho \"File system details for /dev/sda5:\"\n-statvfs /\necho"}