{"type":"OeBuildPlan","dependentArtifacts":null,"customAttributes":[],"buildStep":[{"planScriptUri":"/rest/plan-scripts/cd051e77-ca15-485d-92a0-b7625cfe58f1","planScriptName":"HPE - ESXi - mount - 2017-03-15","parameters":null,"serialNumber":"1"},{"planScriptUri":"/rest/plan-scripts/eaa62de4-c696-4aa4-b1d9-29ed8ba67e2e","planScriptName":"HPE - ESXi - generalize host configuration - 2017-03-15","parameters":null,"serialNumber":"2"},{"planScriptUri":"/rest/plan-scripts/336c3f61-5d2f-4e37-bba9-46ee1b57af4a","planScriptName":"HPE - ESXi - umount - 2017-03-15","parameters":null,"serialNumber":"3"}],"eTag":null,"created":null,"modified":null,"etag":null,"hpProvided":true,"oeBuildPlanType":"capture","buildPlanid":"d9f307c0-ee76-453e-867b-80e1abc511ff","category":null,"description":"Remove personalization settings from ESXi 5.x, 6.x images.\n(c) Copyright 2017 Hewlett Packard Enterprise Development LP. Licensed under the Apache License, Version 2.0 (the \"License\"); ...","status":null,"uri":null,"name":"HPE - ESXi - generalize full state - 2017-03-24"}