{"type":"PlanScript","dependentArtifacts":null,"hpProvided":true,"eTag":null,"created":null,"modified":null,"customAttributes":null,"planType":"deploy","category":null,"description":"Disable use of SSH Keys to ESXi","status":null,"uri":null,"name":"HPE - ESXi - Disable SSH Keys - 2017-06-13","id":"e4a2cd38-c34a-4a6b-9a72-3c6818deee9d","state":null,"content":"# (c) Copyright 2017 Hewlett Packard Enterprise Development LP\n#\n# Licensed under the Apache License, Version 2.0 (the \"License\");\n# you may not use this file except in compliance with the License.\n# You may obtain a copy of the License at #http://www.apache.org/licenses/LICENSE-2.0\n#\n# Unless required by applicable law or agreed to in writing, software distributed\n# under the License is distributed on an \"AS IS\" BASIS, WITHOUT WARRANTIES #OR\n# CONDITIONS OF ANY KIND, either express or implied. See the License for the\n# specific language governing permissions and limitations under the License.\n\necho \"########################################\"\necho \"Disable SSH Keys                                                                           \"\necho \"########################################\"\n\nupload -<<END /ImageStreamer/esxi_disablesshkeys\n#! /bin/bash\n\ncat <<\"EOF\" >>local.sh\nsed -i 's/AuthorizedKeysFile*/#AuthorizedKeysFile/g' /etc/ssh/sshd_config\n#Remove any existing SSH keys\n> /etc/ssh/keys-root/authorized_keys\n \nEOF\n\nexit 0\nEND\n\ndownload /ImageStreamer/esxi_disablesshkeys esxi_disablesshkeys\n!source ./esxi_disablesshkeys\necho"}