{"type":"PlanScript","dependentArtifacts":null,"hpProvided":true,"eTag":null,"created":null,"modified":null,"customAttributes":null,"planType":"capture","category":null,"description":"Remove personalization settings from ESXi 5.x and 6.x images","status":null,"uri":null,"name":"HPE - ESXi - generalize host configuration - 2017-03-15","id":"eaa62de4-c696-4aa4-b1d9-29ed8ba67e2e","state":null,"content":"# (c) Copyright 2017 Hewlett Packard Enterprise Development LP\n#\n# Licensed under the Apache License, Version 2.0 (the \"License\");\n# you may not use this file except in compliance with the License.\n# You may obtain a copy of the License at #http://www.apache.org/licenses/LICENSE-2.0\n#\n# Unless required by applicable law or agreed to in writing, software distributed\n# under the License is distributed on an \"AS IS\" BASIS, WITHOUT WARRANTIES #OR\n# CONDITIONS OF ANY KIND, either express or implied. See the License for the\n# specific language governing permissions and limitations under the License.\n\n\necho \"########################################\"\necho \"Generalize host configuration\"\necho \"########################################\"\n\necho \"Empty jumpstrt.tgz archive to remove any configuration left over from install\"\nrm /jumpstrt.gz\ntouch /jumpstrt\ncompress-out gzip /jumpstrt ./jumpstrt.gz\nrm /jumpstrt\nupload ./jumpstrt.gz /jumpstrt.gz\n!rm ./jumpstrt.gz\necho\n\necho \"Empty useropts.gz archive to remove special user configuration\"\nrm /useropts.gz\ntouch /useropts\ncompress-out gzip /useropts ./useropts.gz\nrm /useropts\nupload ./useropts.gz /useropts.gz\n!rm ./useropts.gz\necho \n\necho \"Remove state.tgz archive which holds host configuration\"\nrm-f /state.tgz\necho \n\necho \"Download boot.cfg\"\ndownload /boot.cfg ./boot.cfg\necho\n\necho \"Construct boot.cfg configuration script\"\nupload -<<END /boot_cfg_configure\n#!/bin/bash\n\necho\necho \"Original boot.cfg:\"\ncat boot.cfg\necho\n\ncp boot.cfg boot.cfg.bak\n\nsed '/^kernelopt=.*installerDiskDumpSlotSize=/ {\n         s/\\(kernelopt=\\).*\\(installerDiskDumpSlotSize=[0-9]*\\).*/\\1 \\2/; n }\n     /^kernelopt=/ {\n         s/.*/kernelopt=/ }\n     /^modules=/ {\n         s/--- state.tgz/--- onetime.tgz/ }\n    ' < boot.cfg.bak > boot.cfg\n\nrm boot.cfg.bak\n\necho \"New boot.cfg:\"\ncat boot.cfg\necho\n\necho \"Construct ImageStreamerCapture details file\"\necho \"HPE Image Streamer Capture for ESXi\" > ./ImageStreamerCapture\necho \"Complete generalization by host state removal\" >> ./ImageStreamerCapture\ndate >> ./ImageStreamerCapture\n\nexit 0\nEND\necho \n\necho \"Run boot.cfg configuration script\"\ndownload /boot_cfg_configure ./boot_cfg_configure\n!source ./boot_cfg_configure\nrm-f /boot_cfg_configure\necho\n\necho \"Replace boot.cfg\"\nupload ./boot.cfg /boot.cfg\necho\n\necho \"Save capture details in Golden Image\"\nupload  ./ImageStreamerCapture  /ImageStreamerCapture\necho"}