{"type":"OeBuildPlan","uri":null,"category":null,"eTag":null,"created":null,"modified":null,"buildPlanid":"018aa2e3-7fe2-4a3a-849a-491e4e9f57ca","name":"HPE - ESXi - deploy with multiple management NIC HA config- 2018-06-27","description":"Deploy ESXi 5.x - 6.5 in a multi-frame environment containing a pair of ImageStreamer appliances. This buildplan configures HA for iSCSI boot connections to ESXi volume. (c) Copyright 2017 Hewlett Packard Enterprise Development LP. Licensed under...","status":null,"hpProvided":true,"oeBuildPlanType":"deploy","buildStep":[{"planScriptUri":"/rest/plan-scripts/7a0b3af0-59ab-4cc9-8072-5bb68e61a867","serialNumber":"1","parameters":null,"planScriptName":"HPE - ESXi - mount - 2018-06-27"},{"planScriptUri":"/rest/plan-scripts/713508f4-fa93-46f0-ae31-54829e09116f","serialNumber":"2","parameters":null,"planScriptName":"HPE - ESXi - unpack state - 2017-07-07"},{"planScriptUri":"/rest/plan-scripts/65cdd322-7bfb-46b8-aeb2-c065a88e504d","serialNumber":"3","parameters":null,"planScriptName":"HPE - ESXi - mpio - configure iSCI boot HA - 2018-06-27"},{"planScriptUri":"/rest/plan-scripts/f1705470-645a-4f46-a63b-607395ff0945","serialNumber":"4","parameters":null,"planScriptName":"HPE - ESXi - set password - 2017-03-15"},{"planScriptUri":"/rest/plan-scripts/1e64262e-483d-48c4-8384-b26ccd804f3b","serialNumber":"5","parameters":null,"planScriptName":"HPE - ESXi - configure management 1st NIC - 2017-08-22"},{"planScriptUri":"/rest/plan-scripts/a8239680-8c4d-44ae-ac00-d6dde0cae5a1","serialNumber":"6","parameters":null,"planScriptName":"HPE - ESXi - configure management 2nd NIC HA - 2017-07-07"},{"planScriptUri":"/rest/plan-scripts/f2c1d2a5-1aae-432c-ac90-3a3d7fc8c7c0","serialNumber":"7","parameters":null,"planScriptName":"HPE - ESXi - configure ssh - 2017-12-15"},{"planScriptUri":"/rest/plan-scripts/35e9c556-ade9-488c-83da-929db0d4b57e","serialNumber":"8","parameters":null,"planScriptName":"HPE - ESXi - repack state - 2017-03-15"},{"planScriptUri":"/rest/plan-scripts/626d0f69-832c-4591-89ba-50f8a593aef6","serialNumber":"9","parameters":null,"planScriptName":"HPE - ESXi - umount - 2017-03-15"}],"customAttributes":[{"name":"ManagementNIC","description":"Configuring first NIC for Teaming in ESXi","value":null,"constraints":"{\"ipv4static\":true,\"ipv4dhcp\":true,\"ipv4disable\":false,\"parameters\":[\"dns1\",\"dns2\",\"gateway\",\"ipaddress\",\"mac\",\"netmask\",\"vlanid\"]}","type":"nic"},{"name":"DomainName","description":"Fully Qualified Domain Name for ESXi host","value":"","constraints":"{\"helpText\":\"\"}","type":"fqdn"},{"name":"Hostname","description":"Hostname for VMware ESXi host. The hostname value can be defined manually or by using the tokens. This value must conform to valid hostname requirement defined by Internet standards.","value":"","constraints":"{\"helpText\":\"\"}","type":"hostname"},{"name":"ManagementNIC2","description":"Configuring second NIC for Teaming in ESXi","value":null,"constraints":"{\"ipv4static\":true,\"ipv4dhcp\":false,\"ipv4disable\":false,\"parameters\":[\"mac\",\"vlanid\"]}","type":"nic"},{"name":"SSH","description":"To enable/disable and start/stop SSH in ESXi","value":"enabled","constraints":"{\"options\":[\"enabled\",\"disabled\"]}","type":"option"},{"name":"Password","description":"Password value must meet password complexity and minimum length requirements defined for ESXi 5.x, ESXi 6.x appropriately.","value":"","constraints":"{\"options\":[\"\"]}","type":"password"}],"dependentArtifacts":null}