{"type":"OeBuildPlan","uri":null,"category":null,"eTag":null,"created":null,"modified":null,"buildPlanid":"0c0eae30-e638-44f0-a1e4-14908157c7ee","name":"HPE - ESXi - generalize full state - 2018-06-27","description":"Remove personalization settings from ESXi 5.x - 6.5 images.\n(c) Copyright 2018 Hewlett Packard Enterprise Development LP. Licensed under the Apache License, Version 2.0 (the \"License\"); ...","status":null,"hpProvided":true,"oeBuildPlanType":"capture","buildStep":[{"planScriptUri":"/rest/plan-scripts/7a0b3af0-59ab-4cc9-8072-5bb68e61a867","serialNumber":"1","parameters":null,"planScriptName":"HPE - ESXi - mount - 2018-06-27"},{"planScriptUri":"/rest/plan-scripts/28ccbbc5-76e4-4ab3-a60b-7cc6aba93367","serialNumber":"2","parameters":null,"planScriptName":"HPE - ESXi - generalize host configuration - 2017-07-12"},{"planScriptUri":"/rest/plan-scripts/713508f4-fa93-46f0-ae31-54829e09116f","serialNumber":"3","parameters":null,"planScriptName":"HPE - ESXi - unpack state - 2017-07-07"},{"planScriptUri":"/rest/plan-scripts/e2fb01bb-cc30-4613-918b-3306646f9344","serialNumber":"4","parameters":null,"planScriptName":"HPE - ESXi - generalize onetime - 2017-09-27"},{"planScriptUri":"/rest/plan-scripts/ef688745-e9ba-41f2-bcd2-db4c2c183f3e","serialNumber":"5","parameters":null,"planScriptName":"HPE - ESXi - remove system uuid - 2017-08-02"},{"planScriptUri":"/rest/plan-scripts/35e9c556-ade9-488c-83da-929db0d4b57e","serialNumber":"6","parameters":null,"planScriptName":"HPE - ESXi - repack state - 2017-03-15"},{"planScriptUri":"/rest/plan-scripts/626d0f69-832c-4591-89ba-50f8a593aef6","serialNumber":"7","parameters":null,"planScriptName":"HPE - ESXi - umount - 2017-03-15"}],"customAttributes":[],"dependentArtifacts":null}