{"type":"PlanScript","uri":null,"category":null,"eTag":null,"created":null,"modified":null,"id":"35e9c556-ade9-488c-83da-929db0d4b57e","name":"HPE - ESXi - repack state - 2017-03-15","description":"Pack and replace ESXi host state into ESXi host OS Volume","status":null,"state":null,"planType":"general","content":"# (c) Copyright 2017 Hewlett Packard Enterprise Development LP\n#\n# Licensed under the Apache License, Version 2.0 (the \"License\");\n# you may not use this file except in compliance with the License.\n# You may obtain a copy of the License at #http://www.apache.org/licenses/LICENSE-2.0\n#\n# Unless required by applicable law or agreed to in writing, software distributed\n# under the License is distributed on an \"AS IS\" BASIS, WITHOUT WARRANTIES #OR\n# CONDITIONS OF ANY KIND, either express or implied. See the License for the\n# specific language governing permissions and limitations under the License.\n\necho \"########################################\"\necho \"Pack and replace ESXi host state into ESXi host OS Volume\"\necho \"########################################\"\n\necho \"Run  esxi_repack ESXi host state repack script\"\n!source ./esxi_repack\n\necho \"Copy in state.tgz if present\"\n-upload state.tgz /state.tgz \necho \"Copy in onetime.tgz if present\"\n-upload onetime.tgz /onetime.tgz","customAttributes":null,"hpProvided":true,"dependentArtifacts":null}