{"type":"PlanScript","uri":null,"category":null,"eTag":null,"created":null,"modified":null,"id":"65cdd322-7bfb-46b8-aeb2-c065a88e504d","name":"HPE - ESXi - mpio - configure iSCI boot HA - 2018-06-27","description":"Configures HA for iSCSI boot path for ESXi. \nThis script can be used in multi frame environment containing a pair of ImageStreamer appliances.","status":null,"state":null,"planType":"deploy","content":"# (c) Copyright 2017 Hewlett Packard Enterprise Development LP\n#\n# Licensed under the Apache License, Version 2.0 (the \"License\");\n# you may not use this file except in compliance with the License.\n# You may obtain a copy of the License at #http://www.apache.org/licenses/LICENSE-2.0\n#\n# Unless required by applicable law or agreed to in writing, software distributed\n# under the License is distributed on an \"AS IS\" BASIS, WITHOUT WARRANTIES #OR\n# CONDITIONS OF ANY KIND, either express or implied. See the License for the\n# specific language governing permissions and limitations under the License.\n\necho \"########################################\"\necho \"Configure HA for iSCSI deployment connections\"\necho \"########################################\"\n\n\nupload -<<END /ImageStreamer/esxi_mgmt_net\n#! /bin/bash\n\necho \"Configure HA for iSCSI deployment connections\"\ncat <<\"EOF\" >>local.sh\n\n\n\n#This command assumes that ESXi has booted via vmnic0 attached to vSwitch0, \n#so that we know the next NIC vmnic1 is also configured for deployment. This \n#command works when during SP creation, deployment connections are selected \n#first, and other connections are added later.\n\nesxcli network vswitch standard uplink add --uplink-name=vmnic0 --vswitch-name=vSwitch0\nesxcli network vswitch standard uplink add --uplink-name=vmnic1 --vswitch-name=vSwitch0\n\nesxcfg-vmknic -d \"Management Network\"  # Removes vmk0 and converts Management Network as Port Group\nesxcfg-vswitch -D \"Management Network\" vSwitch0  #  Deletes the Port Group Management Network\n\nesxcfg-vswitch -A iSCSI-PG1 vSwitch0  \nesxcfg-vswitch -A iSCSI-PG2 vSwitch0\n\nesxcfg-vswitch -N vmnic0 -p iSCSI-PG1 vSwitch0    # Moves vmnic0 to unused Adapter for Port Group iSCSI-PG1\nesxcfg-vswitch -N vmnic1 -p iSCSI-PG1 vSwitch0\nesxcfg-vswitch -N vmnic0 -p iSCSI-PG2 vSwitch0\nesxcfg-vswitch -N vmnic1 -p iSCSI-PG2 vSwitch0\n\nesxcfg-vswitch -M vmnic0 -p iSCSI-PG1 vSwitch0    # Makes vmnic0 as active adapter for Port Group iSCSI-PG1\nesxcfg-vswitch -M vmnic1 -p iSCSI-PG2 vSwitch0    # Makes vmnic1 as active adapter for Port Group iSCSI-PG2\n\n#  Assign an IP address to the port groups\nesxcfg-vmknic -a -i @_Initiator1.ip@ -n @_Initiator1.netmask@ iSCSI-PG1\nesxcfg-vmknic -a -i @_Initiator2.ip@ -n @_Initiator2.netmask@ iSCSI-PG2\n\n\nesxcli iscsi software set -e true\n\niscsi_adapter=`esxcfg-scsidevs -a | grep \"iSCSI Software Adapter\" | awk '{ print $1 }'`\nesxcli iscsi networkportal add --nic vmk0 --adapter \"${iscsi_adapter}\"\nesxcli iscsi networkportal add --nic vmk1 --adapter \"${iscsi_adapter}\"\n\nesxcli iscsi session remove --adapter \"${iscsi_adapter}\"\nesxcli iscsi session add --adapter \"${iscsi_adapter}\"\n\nesxcfg-rescan -A\nesxcfg-rescan -A\n\nEOF\n\n\nexit 0\nEND\n\ndownload /ImageStreamer/esxi_mgmt_net ./esxi_mgmt_net\necho \"Run esxi_mgmt_net\"\n!source ./esxi_mgmt_net\necho \"Configure iSCSI boot HA complete\"","customAttributes":null,"hpProvided":true,"dependentArtifacts":null}