{"type":"PlanScript","uri":null,"category":null,"eTag":null,"created":null,"modified":null,"id":"720c3ca3-74f4-4c7c-9999-65a5eeac2830","name":"HPE - ESXi 6.7 - unpack state - 2018-08-02","description":"Copy out and unpack ESXi host state","status":null,"state":null,"planType":"general","content":"# (c) Copyright 2018 Hewlett Packard Enterprise Development LP\n#\n# Licensed under the Apache License, Version 2.0 (the \"License\");\n# you may not use this file except in compliance with the License.\n# You may obtain a copy of the License at #http://www.apache.org/licenses/LICENSE-2.0\n#\n# Unless required by applicable law or agreed to in writing, software distributed\n# under the License is distributed on an \"AS IS\" BASIS, WITHOUT WARRANTIES #OR\n# CONDITIONS OF ANY KIND, either express or implied. See the License for the\n# specific language governing permissions and limitations under the License.\n\n\necho \"########################################\"\necho \"Copy out and unpack ESXi host state\"\necho \"########################################\"\n\necho \"Create ImageStreamer temp directory\"\n-mkdir /ImageStreamer\necho\n\necho \"Extract ESXi host configuration from Golden Image\"\necho \"Copy out boot.cfg\"\ndownload /boot.cfg boot.cfg\necho \"Copy out state.tgz if present\"\n-download /state.tgz state.tgz\necho \"Copy out onetime.tgz if present\"\n-download /onetime.tgz onetime.tgz\necho\n\necho \"Build esxi_unpack ESXi host state unpack script\"\nupload -<<END /ImageStreamer/esxi_unpack\n#! /bin/bash\nDIR=`pwd`\n\necho \"Finding ESXi host state configuration archive in Golden Image\"\necho\necho \"Unpack state.tgz\"\nmkdir $DIR/esxi_state\ncd $DIR/esxi_state\ntar xvpzf $DIR/state.tgz\necho\necho \"Unpack local.tgz\"\nmkdir $DIR/esxi_local\ncd $DIR/esxi_local\ntar xvpzf $DIR/esxi_state/local.tgz\necho\n\nif [ -e etc/rc.local.d/local.sh ]; then\n    cp etc/rc.local.d/local.sh $DIR/local.sh\nfi\n\necho \"Unpacking ESXi host state complete.\"\nexit 0\nEND\ndownload /ImageStreamer/esxi_unpack ./esxi_unpack\necho\n\necho \"Build esxi_repack ESXi host state repack script\"\nupload -<<END /ImageStreamer/esxi_repack\n#! /bin/bash\nDIR=`pwd`\n\n#echo \"---------------------------------------------------------------\"\n#echo \"Final ESXi host local.sh content for configuration at first boot:\"\n#cat $DIR/local.sh\n#echo \"---------------------------------------------------------------\"\n#echo\n\necho \"Finding ESXi host state configuration archive\"\necho\necho \"Repack local.tgz\"\ncd $DIR/esxi_local\nmkdir -p etc/rc.local.d\nrm -rf etc/vmware/vmkiscsid/*\ncp $DIR/local.sh etc/rc.local.d/local.sh\nchmod 777 etc/rc.local.d/local.sh\ntar cvpzf $DIR/esxi_state/local.tgz *\necho\necho \"Repack state.tgz\"\ncd $DIR/esxi_state\ntar cvpzf $DIR/state.tgz *\necho\n\necho \"Repacking ESXi host state complete.\"\nexit 0\nEND\ndownload /ImageStreamer/esxi_repack ./esxi_repack\necho\n\necho \"Run  esxi_repack ESXi host state unpack script\"\n!source ./esxi_unpack\necho","customAttributes":null,"hpProvided":true,"dependentArtifacts":null}