{"type":"OeBuildPlan","uri":null,"category":null,"eTag":null,"created":null,"modified":null,"buildPlanid":"51d434dc-283f-4825-ac83-a1fe9f319f68","name":"HPE- ESXi - deploy in single frame non-HA config-2020-12-10","description":"Personalize ESXi 5.x - 6.5 image with single management NIC, hostname, domain name, root password and ssh settings. (c) Copyright 2018-2020 Hewlett Packard Enterprise Development LP. Licensed under the Apache License, Version 2.0  (the \"License\");...","status":null,"hpProvided":true,"oeBuildPlanType":"deploy","buildStep":[{"planScriptUri":"/rest/plan-scripts/e6d9922b-6e29-4e64-9a8d-17cae868a2a9","serialNumber":"1","parameters":null,"planScriptName":"HPE - ESXi - mount - 2020-12-10"},{"planScriptUri":"/rest/plan-scripts/5de97971-8250-4a80-aa47-bbd7b406cd03","serialNumber":"2","parameters":null,"planScriptName":"HPE - ESXi - unpack state - 2017-07-07"},{"planScriptUri":"/rest/plan-scripts/e9ff41db-e548-4959-8ac1-cd41b7fb48a1","serialNumber":"3","parameters":null,"planScriptName":"HPE - ESXi - set password - 2017-03-15"},{"planScriptUri":"/rest/plan-scripts/cf595471-4a6b-42d5-911d-d4b4bdd574bb","serialNumber":"4","parameters":null,"planScriptName":"HPE - ESXi - configure management 1st NIC- 2017-08-22"},{"planScriptUri":"/rest/plan-scripts/65e348e1-08a4-4c11-be4b-4c234e5d3ebb","serialNumber":"5","parameters":null,"planScriptName":"HPE - ESXi - configure ssh- 2017-12-15"},{"planScriptUri":"/rest/plan-scripts/e1bfec77-cc64-4a04-8965-e597d4efc7ed","serialNumber":"6","parameters":null,"planScriptName":"HPE - ESXi - repack state - 2017-03-15"},{"planScriptUri":"/rest/plan-scripts/b748d031-d5fe-40af-8f93-9f659d057742","serialNumber":"7","parameters":null,"planScriptName":"HPE - ESXi - umount - 2017-03-15"}],"customAttributes":[{"name":"ManagementNIC","description":"Configuring NIC on ESXi host","value":null,"constraints":"{\"ipv4static\":true,\"ipv4dhcp\":true,\"ipv4disable\":false,\"parameters\":[\"dns1\",\"dns2\",\"gateway\",\"ipaddress\",\"mac\",\"netmask\",\"vlanid\"]}","type":"nic"},{"name":"DomainName","description":"Fully Qualified Domain Name for the ESXi host","value":"","constraints":"{\"helpText\":\"\"}","type":"fqdn"},{"name":"Hostname","description":"Hostname for VMware ESXi host. The hostname value can be defined manually or by using the tokens. This value must conform to valid hostname requirement defined by Internet standards.","value":"","constraints":"{\"helpText\":\"\"}","type":"hostname"},{"name":"SSH","description":"To enable/disable and start/stop SSH in ESXi","value":"enabled","constraints":"{\"options\":[\"enabled\",\"disabled\"]}","type":"option"},{"name":"Password","description":"Password value must meet password complexity and minimum length requirements defined for ESXi 5.x, ESXi 6.x appropriately.","value":"","constraints":"{}","type":"password"}],"dependentArtifacts":null}