{"type":"OeBuildPlan","uri":null,"category":null,"eTag":null,"created":null,"modified":null,"buildPlanid":"563daf9d-d641-43cb-88d8-c095a1c55b35","name":"HPE - ESXi - generalize full state -  2020-12-10","description":"Remove personalization settings from ESXi 5.x - 6.5 images.\n(c) Copyright 2018-2020 Hewlett Packard Enterprise Development LP. Licensed under the Apache License, Version 2.0 (the \"License\"); ...","status":null,"hpProvided":true,"oeBuildPlanType":"capture","buildStep":[{"planScriptUri":"/rest/plan-scripts/e6d9922b-6e29-4e64-9a8d-17cae868a2a9","serialNumber":"1","parameters":null,"planScriptName":"HPE - ESXi - mount - 2020-12-10"},{"planScriptUri":"/rest/plan-scripts/7e2df5f6-339b-4e2d-8ecf-c6d138340d63","serialNumber":"2","parameters":null,"planScriptName":"HPE - ESXi - generalize host configuration - 2017-07-12"},{"planScriptUri":"/rest/plan-scripts/5de97971-8250-4a80-aa47-bbd7b406cd03","serialNumber":"3","parameters":null,"planScriptName":"HPE - ESXi - unpack state - 2017-07-07"},{"planScriptUri":"/rest/plan-scripts/8bf19979-e7a1-4bbe-a41a-7ea2db9dc947","serialNumber":"4","parameters":null,"planScriptName":"HPE - ESXi - generalize onetime - 2017-09-27"},{"planScriptUri":"/rest/plan-scripts/f2018b6c-9f02-469a-983b-9853d054d1de","serialNumber":"5","parameters":null,"planScriptName":"HPE - ESXi - remove system uuid - 2017-08-02"},{"planScriptUri":"/rest/plan-scripts/e1bfec77-cc64-4a04-8965-e597d4efc7ed","serialNumber":"6","parameters":null,"planScriptName":"HPE - ESXi - repack state - 2017-03-15"},{"planScriptUri":"/rest/plan-scripts/b748d031-d5fe-40af-8f93-9f659d057742","serialNumber":"7","parameters":null,"planScriptName":"HPE - ESXi - umount - 2017-03-15"}],"customAttributes":[],"dependentArtifacts":null}