{"type":"PlanScript","uri":null,"category":null,"eTag":null,"created":null,"modified":null,"id":"0ea4b06b-df67-48b2-98a7-811b6dfba632","name":"HPE - ESXi 6.7 - remove host-server IP - 2019-07-19","description":"Removing the host IP, server IP and the host key","status":null,"state":null,"planType":"deploy","content":"# (c) Copyright 2018-2019 Hewlett Packard Enterprise Development LP\n#\n# Licensed under the Apache License, Version 2.0 (the \"License\");\n# you may not use this file except in compliance with the License.\n# You may obtain a copy of the License at #http://www.apache.org/licenses/LICENSE-2.0\n#\n# Unless required by applicable law or agreed to in writing, software distributed\n# under the License is distributed on an \"AS IS\" BASIS, WITHOUT WARRANTIES #OR\n# CONDITIONS OF ANY KIND, either express or implied. See the License for the\n# specific language governing permissions and limitations under the License.\n\necho \"########################################\"\necho \"Remove host-server IP\"\necho \"########################################\"\n\necho\necho \"Build script to modify vpxa\"\nupload -<<END /ImageStreamer/remove_host_server_ip\n#! /bin/bash\n\nDIR=`pwd`\ncd $DIR/esxi_local\n\necho \"Clearing the host-server IP from vpxa\"\n\nesx_vpxa=\"$(find . -iname 'vpxa.cfg')\"\n\nchmod 777 $esx_vpxa\n\nif [ -n \"$esx_vpxa\" ]; then\n\n########## removing host Ip ############\necho \"host ip before in $esx_vpxa\"\ngrep -i \"hostIp\" $esx_vpxa\n\nsed -i '/.*hostIp.*/ c\\ ' $esx_vpxa\n\n########## removing host Key ###########\necho \"host key before in $esx_vpxa\"\ngrep -i \"hostKey\" $esx_vpxa\n\nsed -i '/.*hostKey.*/ c\\ ' $esx_vpxa\n\n########## removing server Ip ###########\necho \"server ip before in $esx_vpxa\"\ngrep -i \"serverIp\" $esx_vpxa\n\nsed -i '/.*serverIp.*/ c\\ ' $esx_vpxa\n\n########## restart service ##############\n/etc/init.d/vpxa restart\n\nelse\necho \"vpxa.cfg not found\"\nfi\n\nexit 0\nEND\n\ndownload /ImageStreamer/remove_host_server_ip ./remove_host_server_ip\necho\n\necho \"Run  remove_host_server_ip script\"\n!source ./remove_host_server_ip\necho","customAttributes":null,"hpProvided":true,"dependentArtifacts":null}