{"type":"PlanScript","uri":null,"category":null,"eTag":null,"created":null,"modified":null,"id":"84b2b367-418b-4038-9a92-a4751f30f411","name":"HPE - ESXi 6.7 - generalize state - 2020-03-27","description":"Clear the contents of local.sh in state.tgz and revert it to default contents. Check /tmp/hpe.log for all the deleted entries","status":null,"state":null,"planType":"general","content":"# (c) Copyright 2018-2019 Hewlett Packard Enterprise Development LP\n#\n# Licensed under the Apache License, Version 2.0 (the \"License\");\n# you may not use this file except in compliance with the License.\n# You may obtain a copy of the License at #http://www.apache.org/licenses/LICENSE-2.0\n#\n# Unless required by applicable law or agreed to in writing, software distributed\n# under the License is distributed on an \"AS IS\" BASIS, WITHOUT WARRANTIES #OR\n# CONDITIONS OF ANY KIND, either express or implied. See the License for the\n# specific language governing permissions and limitations under the License.\n\n\necho \"########################################\"\necho \"Clear local.sh in state.tgz\"\necho \"########################################\"\n\nupload -<<END /ImageStreamer/local_backup\n#! /bin/bash\n\ncat <<\"EOF\" >>local.sh\n\ntouch etc/rc.local.d/local.sh.backup\nchmod 777 etc/rc.local.d/local.sh.backup\n\ncat <<EOT >> etc/rc.local.d/local.sh.backup\n#!/bin/sh\n\n# local configuration options\n\n# Note: modify at your own risk!  If you do/use anything in this\n# script that is not part of a stable API (relying on files to be in\n# specific places, specific tools, specific output, etc) there is a\n# possibility you will end up with a broken system after patching or\n# upgrading.  Changes are not supported unless under direction of\n# VMware support.\n\nEOT\n\nlogFile=\"/tmp/hpe.log\"\necho \" \" >> $logFile\necho \"------------------------------------------------------\" >> $logFile\necho \"Hewlett Packard Enterprise\" >> $logFile\necho \"Removing Old vSwitches\" >> $logFile\necho \"------------------------------------------------------\" >> $logFile\necho \" \" >> $logFile\n\n\n#########  Remove default VM Kernel NICs  #########\n\nfor i in `esxcli network ip interface ipv4 get | awk 'NR>2{print $1}'`;do\n\tesxcli network ip interface remove --interface-name=$i; \n\techo \" deleted inteface $i\" >> $logFile;\n\tdone\n\n#########  Remove default portgroups  #########\nesxcli network vswitch standard portgroup list \\\n| awk 'NR>2{ system(\"esxcli network vswitch standard portgroup remove --portgroup-name=\"$1 \" --vswitch-name=\" $2) ; \\\nsystem(\"echo Deleted portgroup \"$1 \" from \"$2)}' >> $logFile\n\n\n#########  Remove default vSwitches  #########\nfor i in `esxcli network vswitch standard list | grep -i name | awk '{print $2}'`; do\nesxcli network vswitch standard remove --vswitch-name=$i;\necho \"deleted $i\" >> $logFile;\ndone\n\nEOF\n\nexit 0\nEND\n\ndownload /ImageStreamer/local_backup local_backup\necho \"Run local_backup\"\n!source ./local_backup\necho","customAttributes":null,"hpProvided":true,"dependentArtifacts":null}