{"type":"OeBuildPlan","uri":null,"category":null,"eTag":null,"created":null,"modified":null,"buildPlanid":"97ca58cb-f4a8-4a1e-bec2-b7c8d01b71d5","name":"HPE - ESXi 6.7 - deploy in single frame non-HA config - 2020-03-27","description":"Deploy ESXi 6.7 in a single-frame environment containing one ImageStreamer appliance. This buildplan does not configure HA for iSCSI boot connections to ESXi volume. (c) Copyright 2018-2020 Hewlett Packard Enterprise Development LP. Licensed under the Apache License, Version 2.0 (the \"License\"); ...","status":null,"hpProvided":true,"oeBuildPlanType":"deploy","buildStep":[{"planScriptUri":"/rest/plan-scripts/80b0564c-2569-42ed-aabf-9b51ffd72e0d","serialNumber":"1","parameters":null,"planScriptName":"HPE - ESXi - mount - 2018-12-03"},{"planScriptUri":"/rest/plan-scripts/b71c7601-8d2d-4e40-87ee-78e505b4b0ed","serialNumber":"2","parameters":null,"planScriptName":"HPE - ESXi 6.7 - unpack state - 2018-08-02"},{"planScriptUri":"/rest/plan-scripts/9bc882bf-7c7b-4903-87fc-a44c28ab492e","serialNumber":"3","parameters":null,"planScriptName":"HPE - ESXi 6.7 - replace initiator IP - 2018-08-02"},{"planScriptUri":"/rest/plan-scripts/444f97ba-0a77-4a7e-837d-55d9c45647d8","serialNumber":"4","parameters":null,"planScriptName":"HPE - ESXi 6.7 - remove system uuid - 2018-08-02"},{"planScriptUri":"/rest/plan-scripts/0ea4b06b-df67-48b2-98a7-811b6dfba632","serialNumber":"5","parameters":null,"planScriptName":"HPE - ESXi 6.7 - remove host-server IP - 2019-07-19"},{"planScriptUri":"/rest/plan-scripts/84b2b367-418b-4038-9a92-a4751f30f411","serialNumber":"6","parameters":null,"planScriptName":"HPE - ESXi 6.7 - generalize state - 2020-03-27"},{"planScriptUri":"/rest/plan-scripts/8c1229c8-d378-48b9-9fc6-e04f316bb940","serialNumber":"7","parameters":null,"planScriptName":"HPE - ESXi - set password - 2017-03-15"},{"planScriptUri":"/rest/plan-scripts/296a98a0-1a35-4475-829f-5d97b4b0e8d6","serialNumber":"8","parameters":null,"planScriptName":"HPE - ESXi - configure management 1st NIC - 2017-08-22"},{"planScriptUri":"/rest/plan-scripts/f655cdae-c6b1-4df0-be73-f554043be7bf","serialNumber":"9","parameters":null,"planScriptName":"HPE - ESXi - configure ssh - 2017-12-15"},{"planScriptUri":"/rest/plan-scripts/c074ee7e-244e-4c4f-bd58-69ad605d9b3f","serialNumber":"10","parameters":null,"planScriptName":"HPE - ESXi 6.7 - clear local - 2020-03-27"},{"planScriptUri":"/rest/plan-scripts/862bc3d5-e068-44cc-a3f5-704957340753","serialNumber":"11","parameters":null,"planScriptName":"HPE - ESXi - repack state - 2017-03-15"},{"planScriptUri":"/rest/plan-scripts/401ac40b-bbcb-4ef0-8f5c-21a81a006d51","serialNumber":"12","parameters":null,"planScriptName":"HPE - ESXi - umount - 2017-03-15"}],"customAttributes":[{"name":"ManagementNIC","description":"Configuring first NIC for Teaming in ESXi","value":null,"constraints":"{\"ipv4static\":true,\"ipv4dhcp\":true,\"ipv4disable\":false,\"parameters\":[\"dns1\",\"dns2\",\"gateway\",\"ipaddress\",\"mac\",\"netmask\",\"vlanid\"]}","type":"nic"},{"name":"DomainName","description":"Fully Qualified Domain Name for ESXi host","value":"","constraints":"{\"helpText\":\"\"}","type":"fqdn"},{"name":"Hostname","description":"Hostname for VMware ESXi host. The hostname value can be defined manually or by using the tokens. This value must conform to valid hostname requirement defined by Internet standards.","value":"","constraints":"{\"helpText\":\"\"}","type":"hostname"},{"name":"SSH","description":"To enable/disable and start/stop SSH in ESXi","value":"enabled","constraints":"{\"options\":[\"enabled\",\"disabled\"]}","type":"option"},{"name":"Password","description":"Password value must meet password complexity and minimum length requirements defined for ESXi 5.x, ESXi 6.x appropriately.","value":"","constraints":"{\"options\":[\"\"]}","type":"password"}],"dependentArtifacts":null}