{"type":"OeBuildPlan","uri":null,"category":null,"eTag":null,"created":null,"modified":null,"buildPlanid":"e7025de0-61db-4693-96c6-c52e9b5e4e31","name":"HPE - ESXi 6.7 - deploy in single frame non-HA config - 2021-01-21","description":"Deploy ESXi 6.7 in a single-frame environment containing one ImageStreamer appliance. This buildplan does not configure HA for iSCSI boot connections to ESXi volume. (c) Copyright 2018-2020 Hewlett Packard Enterprise Development LP. Licensed under the Apache License, Version 2.0 (the \"License\"); ...","status":null,"hpProvided":true,"oeBuildPlanType":"deploy","buildStep":[{"planScriptUri":"/rest/plan-scripts/8600aeab-f365-4ace-8863-e17f250b6b89","serialNumber":"1","parameters":null,"planScriptName":"HPE - ESXi - mount - 2018-12-03"},{"planScriptUri":"/rest/plan-scripts/4c6decf9-448b-44af-8cd1-76ed6157e3be","serialNumber":"2","parameters":null,"planScriptName":"HPE - ESXi 6.7 - unpack state - 2018-08-02"},{"planScriptUri":"/rest/plan-scripts/7544865e-b768-4886-82ae-5ad3186a7f8f","serialNumber":"3","parameters":null,"planScriptName":"HPE - ESXi 6.7 - replace initiator IP - 2018-08-02"},{"planScriptUri":"/rest/plan-scripts/14193a80-58e9-44d9-ab48-0d73c703ea73","serialNumber":"4","parameters":null,"planScriptName":"HPE - ESXi 6.7 - remove system uuid - 2018-08-02"},{"planScriptUri":"/rest/plan-scripts/76ad5e0b-f272-4de1-930d-6a91fa10f429","serialNumber":"5","parameters":null,"planScriptName":"HPE - ESXi 6.7 - remove host-server IP - 2019-07-19"},{"planScriptUri":"/rest/plan-scripts/118a02cd-528a-401b-ad98-36b72614b287","serialNumber":"6","parameters":null,"planScriptName":"HPE - ESXi 6.7 - generalize state - 2020-03-27"},{"planScriptUri":"/rest/plan-scripts/74d18598-0105-4a4b-94b7-a846019d0a9b","serialNumber":"7","parameters":null,"planScriptName":"HPE - ESXi  - configure iSCSI connection non-HA - 2021-01-21"},{"planScriptUri":"/rest/plan-scripts/7c2a7ad5-48b9-4b4b-986a-36bb57fea3f3","serialNumber":"8","parameters":null,"planScriptName":"HPE - ESXi - set password - 2017-03-15"},{"planScriptUri":"/rest/plan-scripts/8a67408f-b4db-479c-a229-5d7aa2920707","serialNumber":"9","parameters":null,"planScriptName":"HPE - ESXi - configure management 1st NIC - 2017-08-22"},{"planScriptUri":"/rest/plan-scripts/3d52cef4-f33a-4d03-a7f9-96c364d72bf7","serialNumber":"10","parameters":null,"planScriptName":"HPE - ESXi - configure ssh - 2017-12-15"},{"planScriptUri":"/rest/plan-scripts/3488054a-1951-422a-ba79-92f46907edc4","serialNumber":"11","parameters":null,"planScriptName":"HPE - ESXi 6.7 - clear local - 2020-03-27"},{"planScriptUri":"/rest/plan-scripts/0782a5de-9e0a-4c2d-b9f5-ac70284af377","serialNumber":"12","parameters":null,"planScriptName":"HPE - ESXi - repack state - 2017-03-15"},{"planScriptUri":"/rest/plan-scripts/0bc7c183-4054-4a31-a09e-932c46ca6d8c","serialNumber":"13","parameters":null,"planScriptName":"HPE - ESXi - umount - 2017-03-15"}],"customAttributes":[{"name":"ManagementNIC","description":"Configuring first NIC for Teaming in ESXi","value":null,"constraints":"{\"ipv4static\":true,\"ipv4dhcp\":true,\"ipv4disable\":false,\"parameters\":[\"dns1\",\"dns2\",\"gateway\",\"ipaddress\",\"mac\",\"netmask\",\"vlanid\"]}","type":"nic"},{"name":"DomainName","description":"Fully Qualified Domain Name for ESXi host","value":"","constraints":"{\"helpText\":\"\"}","type":"fqdn"},{"name":"Hostname","description":"Hostname for VMware ESXi host. The hostname value can be defined manually or by using the tokens. This value must conform to valid hostname requirement defined by Internet standards.","value":"","constraints":"{\"helpText\":\"\"}","type":"hostname"},{"name":"SSH","description":"To enable/disable and start/stop SSH in ESXi","value":"enabled","constraints":"{\"options\":[\"enabled\",\"disabled\"]}","type":"option"},{"name":"Password","description":"Password value must meet password complexity and minimum length requirements defined for ESXi 5.x, ESXi 6.x appropriately.","value":"","constraints":"{\"options\":[\"\"]}","type":"password"}],"dependentArtifacts":null}