{"type":"PlanScript","uri":null,"category":null,"eTag":null,"created":null,"modified":null,"id":"105c1146-838f-489b-bd0e-7dfbbc521d4f","name":"HPE - ESXi 6.7 - clear local - 2020-03-27","description":"Clear the contents of local.sh post personalization. Corrects the mount point. Refer VMware knowledgebase 2148321 for details","status":null,"state":null,"planType":"general","content":"# (c) Copyright 2018-2020 Hewlett Packard Enterprise Development LP\n#\n# Licensed under the Apache License, Version 2.0 (the \"License\");\n# you may not use this file except in compliance with the License.\n# You may obtain a copy of the License at #http://www.apache.org/licenses/LICENSE-2.0\n#\n# Unless required by applicable law or agreed to in writing, software distributed\n# under the License is distributed on an \"AS IS\" BASIS, WITHOUT WARRANTIES #OR\n# CONDITIONS OF ANY KIND, either express or implied. See the License for the\n# specific language governing permissions and limitations under the License.\n\n\necho \"########################################\"\necho \"Clear local.sh and monitor partitions mounted correctly\"\necho \"########################################\"\n\n\nupload -<<END /ImageStreamer/clear_local\n#!/bin/bash\n\ncat <<\"EOF\" >>local.sh\n\n# Check if bootbank is mounted on a vmfs volume\nlogFile=\"/tmp/hpe.log\"\necho \" \" >> $logFile\necho \"------------------------------------------------------\" >> $logFile\necho \"Hewlett Packard Enterprise\" >> $logFile\necho \"Monitor if all partitions are correctly mounted\" >> $logFile\necho \"------------------------------------------------------\" >> $logFile\necho \" \" >> $logFile\n\nval=$(ls -al / | grep vmfs)\necho $val >> $logFile\necho \" \" >> $logFile\n\nerr=$(ls -al / | grep vmfs | grep bootbank | wc -l)\nif [ $err -eq 0 ]; then\n   echo \"bootbank is mounted on tmp!!!\" >> $logFile\n   localcli --plugin-dir=/usr/lib/vmware/esxcli/int/ boot system restore --bootbanks\n   echo \"Taken corrective action as per VMware knowledgebase 2148321\" >> $logFile\n   echo \" \" >> $logFile\n   val=$(ls -al / | grep vmfs)\n   echo $val >> $logFile\n   echo \" \" >> $logFile\nelse\n   echo \"All the volume partitions are fine\" >> $logFile\n   echo \" \" >> $logFile\nfi\n\necho \"End-of-file\" >> $logFile\n\ncat /etc/rc.local.d/local.sh | grep -v passwd >> /etc/rc.local.d/hpe_cust.log\n\n\n# Clear local.sh\nmv -f /etc/rc.local.d/local.sh.backup /etc/rc.local.d/local.sh\nauto-backup.sh\n\nEOF\n\nexit 0\nEND\n\ndownload /ImageStreamer/clear_local clear_local\necho \"Run clear_local\"\n!source ./clear_local","customAttributes":null,"hpProvided":true,"dependentArtifacts":null}