{"type":"OeBuildPlan","uri":null,"category":null,"eTag":null,"created":null,"modified":null,"buildPlanid":"682744d4-cfbc-45fb-88f7-7ba16569c007","name":"HPE - ESXi 6.7 - deploy in single frame non-HA config - 2020-03-27","description":"Deploy ESXi 6.7 in a single-frame environment containing one ImageStreamer appliance. This buildplan does not configure HA for iSCSI boot connections to ESXi volume. (c) Copyright 2018-2020 Hewlett Packard Enterprise Development LP. Licensed under the Apache License, Version 2.0 (the \"License\"); ...","status":null,"hpProvided":true,"oeBuildPlanType":"deploy","buildStep":[{"planScriptUri":"/rest/plan-scripts/7db71ed6-d78d-49d1-8e45-b3448b31ba0a","serialNumber":"1","parameters":null,"planScriptName":"HPE - ESXi - mount - 2018-12-03"},{"planScriptUri":"/rest/plan-scripts/0a825aed-6e3c-4f76-ae6e-0a7c46832a91","serialNumber":"2","parameters":null,"planScriptName":"HPE - ESXi 6.7 - unpack state - 2018-08-02"},{"planScriptUri":"/rest/plan-scripts/daf32acd-c64d-474c-ae8a-4dcc7fe75ac6","serialNumber":"3","parameters":null,"planScriptName":"HPE - ESXi 6.7 - replace initiator IP - 2018-08-02"},{"planScriptUri":"/rest/plan-scripts/d3c73e54-e02d-4ec5-93f9-8a65b53fc5c0","serialNumber":"4","parameters":null,"planScriptName":"HPE - ESXi 6.7 - remove system uuid - 2018-08-02"},{"planScriptUri":"/rest/plan-scripts/d1fc4b7a-61f0-494d-9eb7-e410da27678e","serialNumber":"5","parameters":null,"planScriptName":"HPE - ESXi 6.7 - remove host-server IP - 2019-07-19"},{"planScriptUri":"/rest/plan-scripts/3c26ae88-6c56-494a-99e3-d9f9b19688b2","serialNumber":"6","parameters":null,"planScriptName":"HPE - ESXi 6.7 - generalize state - 2020-03-27"},{"planScriptUri":"/rest/plan-scripts/8f4cf4b3-8c25-4c32-b4c8-56508975717c","serialNumber":"7","parameters":null,"planScriptName":"HPE - ESXi  - configure iSCSI connection non-HA - 2021-01-21"},{"planScriptUri":"/rest/plan-scripts/abb74d27-9a01-4545-a7c3-8f965c8717dc","serialNumber":"8","parameters":null,"planScriptName":"HPE - ESXi - set password - 2017-03-15"},{"planScriptUri":"/rest/plan-scripts/de78d2af-1d1e-4860-9ae7-3487b6c32968","serialNumber":"9","parameters":null,"planScriptName":"HPE - ESXi - configure management 1st NIC - 2017-08-22"},{"planScriptUri":"/rest/plan-scripts/6553b5e3-6162-4cde-bb2a-d8a1cc937891","serialNumber":"10","parameters":null,"planScriptName":"HPE - ESXi - configure ssh - 2017-12-15"},{"planScriptUri":"/rest/plan-scripts/105c1146-838f-489b-bd0e-7dfbbc521d4f","serialNumber":"11","parameters":null,"planScriptName":"HPE - ESXi 6.7 - clear local - 2020-03-27"},{"planScriptUri":"/rest/plan-scripts/71136cf3-f153-4604-bb7e-f13f75d0cdde","serialNumber":"12","parameters":null,"planScriptName":"HPE - ESXi - repack state - 2017-03-15"},{"planScriptUri":"/rest/plan-scripts/f6f8b48e-3184-4977-8123-0a25de014fd9","serialNumber":"13","parameters":null,"planScriptName":"HPE - ESXi - umount - 2017-03-15"}],"customAttributes":[{"name":"ManagementNIC","description":"Configuring first NIC for Teaming in ESXi","value":null,"constraints":"{\"ipv4static\":true,\"ipv4dhcp\":true,\"ipv4disable\":false,\"parameters\":[\"dns1\",\"dns2\",\"gateway\",\"ipaddress\",\"mac\",\"netmask\",\"vlanid\"]}","type":"nic"},{"name":"DomainName","description":"Fully Qualified Domain Name for ESXi host","value":"","constraints":"{\"helpText\":\"\"}","type":"fqdn"},{"name":"Hostname","description":"Hostname for VMware ESXi host. The hostname value can be defined manually or by using the tokens. This value must conform to valid hostname requirement defined by Internet standards.","value":"","constraints":"{\"helpText\":\"\"}","type":"hostname"},{"name":"SSH","description":"To enable/disable and start/stop SSH in ESXi","value":"enabled","constraints":"{\"options\":[\"enabled\",\"disabled\"]}","type":"option"},{"name":"Password","description":"Password value must meet password complexity and minimum length requirements defined for ESXi 5.x, ESXi 6.x appropriately.","value":"","constraints":"{\"options\":[\"\"]}","type":"password"}],"dependentArtifacts":null}