{"type":"PlanScript","uri":null,"category":null,"eTag":null,"created":null,"modified":null,"id":"de78d2af-1d1e-4860-9ae7-3487b6c32968","name":"HPE - ESXi - configure management 1st NIC - 2017-08-22","description":"Configure ESXi host management network","status":null,"state":null,"planType":"deploy","content":"# (c) Copyright 2018-2019 Hewlett Packard Enterprise Development LP\n#\n# Licensed under the Apache License, Version 2.0 (the \"License\");\n# you may not use this file except in compliance with the License.\n# You may obtain a copy of the License at #http://www.apache.org/licenses/LICENSE-2.0\n#\n# Unless required by applicable law or agreed to in writing, software distributed\n# under the License is distributed on an \"AS IS\" BASIS, WITHOUT WARRANTIES #OR\n# CONDITIONS OF ANY KIND, either express or implied. See the License for the\n# specific language governing permissions and limitations under the License.\n\necho \"########################################\"\necho \"Configure ESXi host management network\"\necho \"########################################\"\n\necho \"Check Image Streamer capture details\"\n-download /ImageStreamerCapture ./ImageStreamerCapture\n\nupload -<<END /ImageStreamer/check_capture\n#!/bin/bash\nif [ -f ./ImageStreamerCapture ]; then\n    echo \"Capture details:\"\n    cat ./ImageStreamerCapture\nelse\n    echo\n    echo \"WARNING: ESXi Golden Image was not captured by Image Streamer.\"\n    echo \"Golden Image may not be prepared for correct personalization.\"\n    echo \"Recommend deploying Golden Image as is and capturing a new\"\n    echo \"Golden Image using Image Streamer via correct capture Build Plan\"\n    echo\nfi\necho\nEND\ndownload /ImageStreamer/check_capture ./check_capture\n!source ./check_capture\n\n-rm-f /ImageStreamerCapture\n\nupload -<<END /ImageStreamer/esxi_mgmt_net\n#! /bin/bash\n\ncat <<\"EOF\" >>local.sh\n# HPE Image Streamer ESXi host configuration\nesxcli system syslog mark --message \"HPE Image Streamer ESXi host configuration for @Hostname@\"\n\n# Image Streamer management network configuration\nesxcli system hostname set --host \"@Hostname@\"\nesxcli system hostname set --domain \"@DomainName@\"\n\nVMK1=vmk2\nUPLINK1=`esxcli network nic list | grep -i \"@ManagementNIC.mac@\" | awk '{ print $1 }'`\n\nesxcli network vswitch standard add --vswitch-name=vSwitch1\n\nesxcli network vswitch standard portgroup add --portgroup-name=ManagementNetwork1 --vswitch-name=vSwitch1\n\nesxcfg-vswitch vSwitch1 -v @ManagementNIC.vlanid:0@ -p ManagementNetwork1\n\nesxcli network vswitch standard uplink add --uplink-name=$UPLINK1 --vswitch-name=vSwitch1\n\nesxcli network ip interface add --interface-name=$VMK1 --portgroup-name=ManagementNetwork1\n\nEOF\n\nif [[ \"@ManagementNIC.ipaddress@\" =~ [0-9]*\\.[0-9]*\\.[0-9]*\\.[0-9]* ]]; then\n\necho \"Configure ESXi host management network for static IP\"\ncat <<\"EOF\" >>local.sh\nesxcli network ip interface ipv4 set --interface-name=$VMK1 --ipv4=@ManagementNIC.ipaddress@ --netmask=@ManagementNIC.netmask@ --type=static\n\nesxcli network ip route ipv4 add --gateway \"@ManagementNIC.gateway@\" --network default\nesxcli network ip dns server add --server=@ManagementNIC.dns1@\nesxcli network ip dns server add --server=@ManagementNIC.dns2@\n\nEOF\n\nelse\n\necho \"Configure ESXi host management network for DHCP\"\ncat <<\"EOF\" >>local.sh\nesxcli network ip  interface ipv4 set --interface-name=$VMK1 --type=dhcp   \n\nEOF\nfi\n\ncat <<\"EOF\" >>local.sh\n\nesxcli network ip interface tag remove --interface-name=vmk0 --tagname=Management\nesxcli network ip interface tag add --interface-name=$VMK1 --tagname=Management\n\n(sleep 15; esxcli network ip interface tag remove --interface-name=vmk0 --tagname=Management ;\nesxcli network ip interface tag add --interface-name=$VMK1 --tagname=Management ;\nesxcli network ip interface set -e false -i $VMK1; esxcli network ip interface set -e true -i $VMK1) &\n\nEOF\n\nexit 0\nEND\n\ndownload /ImageStreamer/esxi_mgmt_net ./esxi_mgmt_net\necho \"Run esxi_mgmt_net\"\n!source ./esxi_mgmt_net\necho \"Configure host management complete\"","customAttributes":null,"hpProvided":true,"dependentArtifacts":null}