{"type":"OeBuildPlan","uri":null,"category":null,"eTag":null,"created":null,"modified":null,"buildPlanid":"45d03601-3eac-4b01-a49c-0855bc777eab","name":"HPE - ESXi 8.0 - deploy in single frame non-HA config - 2022-11-03","description":"Deploy ESXi 8.0 in a single-frame environment containing one ImageStreamer appliance. This buildplan does not configure HA for iSCSI boot connections to ESXi volume. (c) Copyright 2018-2022 Hewlett Packard Enterprise Development LP. Licensed under the Apache License, Version 2.0 (the \"License\"); ...","status":null,"hpProvided":true,"oeBuildPlanType":"deploy","buildStep":[{"planScriptUri":"/rest/plan-scripts/17d57591-9fdf-4da3-b10c-f89c8d22df03","serialNumber":"1","parameters":null,"planScriptName":"HPE - ESXi 8.0 - mount - 2022-11-03"},{"planScriptUri":"/rest/plan-scripts/b94740eb-a3df-4a0b-adfa-bb2d2da2e2f9","serialNumber":"2","parameters":null,"planScriptName":"HPE - ESXi 8.0 - add custom.tgz module to boot.conf - 2022-11-03"},{"planScriptUri":"/rest/plan-scripts/50a7b1bd-a3ae-42bb-a4a7-77e95ea8cbc3","serialNumber":"3","parameters":null,"planScriptName":"HPE - ESXi 8.0 - create custom.tgz custom module - 2022-11-03"},{"planScriptUri":"/rest/plan-scripts/5c9b2208-9ecb-46a4-bcce-a7ffd3b3ab5c","serialNumber":"4","parameters":null,"planScriptName":"HPE - ESXi 8.0 - generalize Host - 2022-11-03"},{"planScriptUri":"/rest/plan-scripts/0557474c-6f0c-428b-85ec-11a38d4f3582","serialNumber":"5","parameters":null,"planScriptName":"HPE - ESXi 8.0 - configure iSCSI connection non-HA - 2022-11-03"},{"planScriptUri":"/rest/plan-scripts/254f76d3-5db1-42d8-879b-5c49d98ba62d","serialNumber":"6","parameters":null,"planScriptName":"HPE - ESXi 8.0 - set password - 2022-11-03"},{"planScriptUri":"/rest/plan-scripts/4e97b9c2-dc1a-41c6-95a1-b0227e89ce13","serialNumber":"7","parameters":null,"planScriptName":"HPE - ESXi 8.0 - configure management 1st NIC - 2022-11-03"},{"planScriptUri":"/rest/plan-scripts/ae974b14-9329-4145-a794-52c2b6ece8cf","serialNumber":"8","parameters":null,"planScriptName":"HPE - ESXi 8.0 - configure ssh - 2022-11-03"},{"planScriptUri":"/rest/plan-scripts/57e7530d-48d6-4f35-af1a-4f55af691939","serialNumber":"9","parameters":null,"planScriptName":"HPE - ESXi 8.0 - clear local - 2022-11-03"},{"planScriptUri":"/rest/plan-scripts/e94ac466-9b5c-4191-ad9b-8348e9020015","serialNumber":"10","parameters":null,"planScriptName":"HPE - ESXi 8.0 - repack custom.tgz module - 2022-11-03"},{"planScriptUri":"/rest/plan-scripts/d787379c-0d1a-4cf3-b5c2-71ddcc24ae66","serialNumber":"11","parameters":null,"planScriptName":"HPE - ESXi 8.0 - umount - 2022-11-03"}],"customAttributes":[{"name":"ManagementNIC","description":"Configuring first NIC for Teaming in ESXi","value":null,"constraints":"{\"ipv4static\":true,\"ipv4dhcp\":true,\"ipv4disable\":false,\"parameters\":[\"dns1\",\"dns2\",\"gateway\",\"ipaddress\",\"mac\",\"netmask\",\"vlanid\"]}","type":"nic"},{"name":"DomainName","description":"Fully Qualified Domain Name for ESXi host","value":"","constraints":"{\"helpText\":\"\"}","type":"fqdn"},{"name":"Hostname","description":"Hostname for VMware ESXi host. The hostname value can be defined manually or by using the tokens. This value must conform to valid hostname requirement defined by Internet standards.","value":"","constraints":"{\"helpText\":\"\"}","type":"hostname"},{"name":"SSH","description":"To enable/disable and start/stop SSH in ESXi","value":"enabled","constraints":"{\"options\":[\"enabled\",\"disabled\"]}","type":"option"},{"name":"Password","description":"Password value must meet password complexity and minimum length requirements defined for ESXi 5.x, ESXi 6.x appropriately.","value":"","constraints":"{\"options\":[\"\"]}","type":"password"}],"dependentArtifacts":null}