{"type":"PlanScript","uri":null,"category":null,"eTag":null,"created":null,"modified":null,"id":"b94740eb-a3df-4a0b-adfa-bb2d2da2e2f9","name":"HPE - ESXi 8.0 - add custom.tgz module to boot.conf - 2022-11-03","description":"add custom.tgz module to boot.cfg file in BOOTBANK1","status":null,"state":null,"planType":"general","content":"# (c) Copyright 2021-2022 Hewlett Packard Enterprise Development LP\n#\n# Licensed under the Apache License, Version 2.0 (the \"License\");\n# you may not use this file except in compliance with the License.\n# You may obtain a copy of the License at #http://www.apache.org/licenses/LICENSE-2.0\n#\n# Unless required by applicable law or agreed to in writing, software distributed\n# under the License is distributed on an \"AS IS\" BASIS, WITHOUT WARRANTIES #OR\n# CONDITIONS OF ANY KIND, either express or implied. See the License for the\n# specific language governing permissions and limitations under the License.\n\n\necho \"########################################\"\necho \"add custom.tgz module to boot.conf\"\necho \"########################################\"\n\necho \"Download boot.cfg\"\ndownload /boot.cfg ./boot.cfg\necho\n\necho \"Construct boot.cfg configuration script\"\nupload -<<END /boot_cfg_configure\n#!/bin/bash\n\necho\necho \"Original boot.cfg:\"\ncat boot.cfg\necho\n\ncp boot.cfg boot.cfg.bak\n\nsed '/^kernelopt=.*installerDiskDumpSlotSize=/ {\n         s/\\(kernelopt=\\).*\\(installerDiskDumpSlotSize=[0-9]*\\).*/\\1 \\2/; n }\n     /^kernelopt=/ {\n         s/.*/kernelopt=/ }\n         /^modules=/ {\n         s/--- state.tgz/--- custom.tgz/ }\n         ' < boot.cfg.bak > boot.cfg\n\nrm boot.cfg.bak\n\necho \"New boot.cfg:\"\ncat boot.cfg\necho\n\necho \"Construct ImageStreamerCapture details file\"\necho \"HPE Image Streamer Capture for ESXi\" > ./ImageStreamerCapture\necho \"Complete generalization by host state removal\" >> ./ImageStreamerCapture\ndate >> ./ImageStreamerCapture\n\nexit 0\nEND\necho \n\necho \"Run boot.cfg configuration script\"\ndownload /boot_cfg_configure ./boot_cfg_configure\n!source ./boot_cfg_configure\nrm-f /boot_cfg_configure\necho\n\necho \"Replace boot.cfg\"\nupload ./boot.cfg /boot.cfg\necho\n\necho \"Save capture details in Golden Image\"\nupload  ./ImageStreamerCapture  /ImageStreamerCapture\necho","customAttributes":null,"hpProvided":true,"dependentArtifacts":null}