{"type":"PlanScript","uri":null,"category":null,"eTag":null,"created":null,"modified":null,"id":"e94ac466-9b5c-4191-ad9b-8348e9020015","name":"HPE - ESXi 8.0 - repack custom.tgz module - 2022-11-03","description":"repack custom.tgz","status":null,"state":null,"planType":"general","content":"# (c) Copyright 2018-2022 Hewlett Packard Enterprise Development LP\n#\n# Licensed under the Apache License, Version 2.0 (the \"License\");\n# you may not use this file except in compliance with the License.\n# You may obtain a copy of the License at #http://www.apache.org/licenses/LICENSE-2.0\n#\n# Unless required by applicable law or agreed to in writing, software distributed\n# under the License is distributed on an \"AS IS\" BASIS, WITHOUT WARRANTIES #OR\n# CONDITIONS OF ANY KIND, either express or implied. See the License for the\n# specific language governing permissions and limitations under the License.\n\necho \"########################################\"\necho \"Pack and replace ESXi host state into ESXi host OS Volume\"\necho \"########################################\"\n\necho \"Run  esxi_repack ESXi host custom repack script\"\n!source ./esxi_repack\n\necho \"Copy in custom.tgz if present\"\n-upload custom.tgz /custom.tgz","customAttributes":null,"hpProvided":true,"dependentArtifacts":null}