{"type":"PlanScript","uri":null,"category":null,"eTag":null,"created":null,"modified":null,"id":"5b10582e-9688-46ea-971a-a74f6580393b","name":"HPE - ESXi - configure management 2nd NIC HA - 2017-07-07","description":"Configure ESXi host management 2nd NIC for HA","status":null,"state":null,"planType":"deploy","content":"# (c) Copyright 2018 Hewlett Packard Enterprise Development LP\n#\n# Licensed under the Apache License, Version 2.0 (the \"License\");\n# you may not use this file except in compliance with the License.\n# You may obtain a copy of the License at #http://www.apache.org/licenses/LICENSE-2.0\n#\n# Unless required by applicable law or agreed to in writing, software distributed\n# under the License is distributed on an \"AS IS\" BASIS, WITHOUT WARRANTIES #OR\n# CONDITIONS OF ANY KIND, either express or implied. See the License for the\n# specific language governing permissions and limitations under the License.\n\necho \"########################################\"\necho \"Configure ESXi host management 2nd NIC for HA\"\necho \"########################################\"\n\nupload -<<END /ImageStreamer/esxi_mgmt_net\n#! /bin/bash\n\necho \"Configure ESXi host management 2nd NIC for HA\"\ncat <<\"EOF\" >>local.sh\n\n#Add second ESXi management NIC and configure it for HA\nUPLINK2=`esxcli network nic list | grep -i \"@ManagementNIC2.mac@\" | awk '{ print $1 }'`\n\nesxcli network vswitch standard uplink add --uplink-name=$UPLINK2 --vswitch-name=vSwitch1\n\n\nEOF\n\n\nexit 0\nEND\n\n#This is workaround SP UI issue clearing form while using networkset\necho “@ManagementNIC2.vlanid:0@”\n\ndownload /ImageStreamer/esxi_mgmt_net ./esxi_mgmt_net\necho \"Run esxi_mgmt_net\"\n!source ./esxi_mgmt_net\necho \"Configure host management complete\"","customAttributes":null,"hpProvided":true,"dependentArtifacts":null}