{"type":"PlanScript","uri":null,"category":null,"eTag":null,"created":null,"modified":null,"id":"77a1ec7e-8d8d-42d2-8a73-6b74f88fb32a","name":"HPE - ESXi 6.7 - replace initiator IP - 2018-08-02","description":"Build script to replace initiator ip","status":null,"state":null,"planType":"deploy","content":"# (c) Copyright 2018 Hewlett Packard Enterprise Development LP\n#\n# Licensed under the Apache License, Version 2.0 (the \"License\");\n# you may not use this file except in compliance with the License.\n# You may obtain a copy of the License at #http://www.apache.org/licenses/LICENSE-2.0\n#\n# Unless required by applicable law or agreed to in writing, software distributed\n# under the License is distributed on an \"AS IS\" BASIS, WITHOUT WARRANTIES #OR\n# CONDITIONS OF ANY KIND, either express or implied. See the License for the\n# specific language governing permissions and limitations under the License.\n\n\necho \"########################################\"\necho \"Replace initiator ip\"\necho \"########################################\"\n\nupload -<<END /ImageStreamer/replace_system_initiator_ip\n#! /bin/bash\n\nDIR=`pwd`\ncd $DIR/esxi_local\n\necho \"Replace initiator ip\"\necho \n\nesx_conf=\"$(find . -iname 'esx.conf')\"\n\nif [ -n \"$esx_conf\" ]; then\n\nini_ip=\"$(grep -i \"child\\[0000\\]/ipv4address\" $esx_conf | awk -F\"\\\"\" '{print $2}')\"\necho \"Initiator ip before in $esx_conf is $ini_ip\"\n\nsed -i \"s/$ini_ip/@_Initiator1.ip@/g\" \"$esx_conf\"\n\nini_ip=\"$(grep -i \"child\\[0000\\]/ipv4address\" $esx_conf | awk -F\"\\\"\" '{print $2}')\"\necho \"Initiator ip after in $esx_conf is $ini_ip\"\n\nelse\necho \"esx.conf not found\"\n\nfi\n\nexit 0\nEND\n\ndownload /ImageStreamer/replace_system_initiator_ip ./replace_system_initiator_ip\necho\n\necho \"Run  replace initiator ip script\"\n!source ./replace_system_initiator_ip\necho","customAttributes":null,"hpProvided":true,"dependentArtifacts":null}