{"type":"OeBuildPlan","uri":null,"category":null,"eTag":null,"created":null,"modified":null,"buildPlanid":"d90a1881-26da-48ac-885b-3756dc634aaa","name":"HPE - ESXi 6.7 - deploy in single frame non-HA config - 2018-08-02","description":"Deploy ESXi 6.7 in a multi-frame environment containing a pair of ImageStreamer appliances. This buildplan configures HA for iSCSI boot connections to ESXi volume. (c) Copyright 2018 Hewlett Packard Enterprise Development LP. Licensed under the Apache License, Version 2.0 (the \"License\"); ...","status":null,"hpProvided":true,"oeBuildPlanType":"deploy","buildStep":[{"planScriptUri":"/rest/plan-scripts/2eb0658d-08a8-42f1-acf1-5829fe22de70","serialNumber":"1","parameters":null,"planScriptName":"HPE - ESXi - mount - 2018-07-31"},{"planScriptUri":"/rest/plan-scripts/a208cdba-0cae-414c-81e5-725a524bbf1a","serialNumber":"2","parameters":null,"planScriptName":"HPE - ESXi 6.7 - unpack state - 2018-08-02"},{"planScriptUri":"/rest/plan-scripts/77a1ec7e-8d8d-42d2-8a73-6b74f88fb32a","serialNumber":"3","parameters":null,"planScriptName":"HPE - ESXi 6.7 - replace initiator IP - 2018-08-02"},{"planScriptUri":"/rest/plan-scripts/f03aab7d-a410-4966-be65-1e7191485d14","serialNumber":"4","parameters":null,"planScriptName":"HPE - ESXi 6.7 - remove system uuid - 2018-08-02"},{"planScriptUri":"/rest/plan-scripts/28c3ed51-d526-4c50-8373-30b0e71941a0","serialNumber":"5","parameters":null,"planScriptName":"HPE - ESXi 6.7 - generalize state - 2018-08-02"},{"planScriptUri":"/rest/plan-scripts/e77cf8a3-f3c4-4e2d-9b01-bc59724ab5dc","serialNumber":"6","parameters":null,"planScriptName":"HPE - ESXi - set password - 2017-03-15"},{"planScriptUri":"/rest/plan-scripts/b8fbc509-ec5c-46c2-b385-26aa50053075","serialNumber":"7","parameters":null,"planScriptName":"HPE - ESXi - configure management 1st NIC - 2017-08-22"},{"planScriptUri":"/rest/plan-scripts/1e0878b1-593f-440c-a20b-2a31b89e1ec5","serialNumber":"8","parameters":null,"planScriptName":"HPE - ESXi - configure ssh - 2017-12-15"},{"planScriptUri":"/rest/plan-scripts/a8aa951b-43d0-44af-b677-e15537595425","serialNumber":"9","parameters":null,"planScriptName":"HPE - ESXi 6.7 - clear local - 2018-08-02"},{"planScriptUri":"/rest/plan-scripts/327657f5-8e9c-4997-8039-3ef60486f979","serialNumber":"10","parameters":null,"planScriptName":"HPE - ESXi - repack state - 2017-03-15"},{"planScriptUri":"/rest/plan-scripts/c0330c9c-fb2f-4cb5-8a68-8922963ebbee","serialNumber":"11","parameters":null,"planScriptName":"HPE - ESXi - umount - 2017-03-15"}],"customAttributes":[{"name":"ManagementNIC","description":"Configuring first NIC for Teaming in ESXi","value":null,"constraints":"{\"ipv4static\":true,\"ipv4dhcp\":true,\"ipv4disable\":false,\"parameters\":[\"dns1\",\"dns2\",\"gateway\",\"ipaddress\",\"mac\",\"netmask\",\"vlanid\"]}","type":"nic"},{"name":"DomainName","description":"Fully Qualified Domain Name for ESXi host","value":"","constraints":"{\"helpText\":\"\"}","type":"fqdn"},{"name":"Hostname","description":"Hostname for VMware ESXi host. The hostname value can be defined manually or by using the tokens. This value must conform to valid hostname requirement defined by Internet standards.","value":"","constraints":"{\"helpText\":\"\"}","type":"hostname"},{"name":"SSH","description":"To enable/disable and start/stop SSH in ESXi","value":"enabled","constraints":"{\"options\":[\"enabled\",\"disabled\"]}","type":"option"},{"name":"Password","description":"Password value must meet password complexity and minimum length requirements defined for ESXi 5.x, ESXi 6.x appropriately.","value":"","constraints":"{\"options\":[\"\"]}","type":"password"}],"dependentArtifacts":null}