{"type":"OeBuildPlan","uri":null,"category":null,"eTag":null,"created":null,"modified":null,"buildPlanid":"22750294-9aa2-4e6c-ac78-210a801af56d","name":"HPE - ESXi - generalize full state - 2018-07-31","description":"Remove personalization settings from ESXi 5.x - 6.5 images.\n(c) Copyright 2018 Hewlett Packard Enterprise Development LP. Licensed under the Apache License, Version 2.0 (the \"License\"); ...","status":null,"hpProvided":true,"oeBuildPlanType":"capture","buildStep":[{"planScriptUri":"/rest/plan-scripts/a35deba8-e8b4-480a-a8a3-d1c495729ccd","serialNumber":"1","parameters":null,"planScriptName":"HPE - ESXi - mount - 2018-07-31"},{"planScriptUri":"/rest/plan-scripts/608d1cfc-7f91-4216-a341-970549320bca","serialNumber":"2","parameters":null,"planScriptName":"HPE - ESXi - generalize host configuration - 2017-07-12"},{"planScriptUri":"/rest/plan-scripts/407ac107-4004-4e4d-922e-6d0a0b12528b","serialNumber":"3","parameters":null,"planScriptName":"HPE - ESXi - unpack state - 2017-07-07"},{"planScriptUri":"/rest/plan-scripts/ce2338ca-e0bf-4065-a190-e2a5f66d8ed3","serialNumber":"4","parameters":null,"planScriptName":"HPE - ESXi - generalize onetime - 2017-09-27"},{"planScriptUri":"/rest/plan-scripts/ad45b0da-c3b3-40c0-9978-33bb7aee44e1","serialNumber":"5","parameters":null,"planScriptName":"HPE - ESXi - remove system uuid - 2017-08-02"},{"planScriptUri":"/rest/plan-scripts/cb624f1f-618e-45ce-9404-23ad45649039","serialNumber":"6","parameters":null,"planScriptName":"HPE - ESXi - repack state - 2017-03-15"},{"planScriptUri":"/rest/plan-scripts/fa7c8a7f-0790-42c4-b25e-849a058beeea","serialNumber":"7","parameters":null,"planScriptName":"HPE - ESXi - umount - 2017-03-15"}],"customAttributes":[],"dependentArtifacts":null}