{"type":"OeBuildPlan","uri":null,"category":null,"eTag":null,"created":null,"modified":null,"buildPlanid":"886e3463-7b02-4433-8846-e440ef32d5dd","name":"HPE- ESXi - deploy in single frame non-HA config- 2018-07-31","description":"Personalize ESXi 5.x - 6.5 image with single management NIC, hostname, domain name, root password and ssh settings. (c) Copyright 2018 Hewlett Packard Enterprise Development LP. Licensed under the Apache License, Version 2.0  (the \"License\");...","status":null,"hpProvided":true,"oeBuildPlanType":"deploy","buildStep":[{"planScriptUri":"/rest/plan-scripts/a35deba8-e8b4-480a-a8a3-d1c495729ccd","serialNumber":"1","parameters":null,"planScriptName":"HPE - ESXi - mount - 2018-07-31"},{"planScriptUri":"/rest/plan-scripts/407ac107-4004-4e4d-922e-6d0a0b12528b","serialNumber":"2","parameters":null,"planScriptName":"HPE - ESXi - unpack state - 2017-07-07"},{"planScriptUri":"/rest/plan-scripts/7f9771c7-6ee8-49c4-a3ad-bdfd1d4cccee","serialNumber":"3","parameters":null,"planScriptName":"HPE - ESXi - set password - 2017-03-15"},{"planScriptUri":"/rest/plan-scripts/349f6824-342b-4400-a4cc-b415860bd281","serialNumber":"4","parameters":null,"planScriptName":"HPE - ESXi - configure management 1st NIC - 2017-08-22"},{"planScriptUri":"/rest/plan-scripts/1c14f427-42a0-4060-891f-25783e1e8444","serialNumber":"5","parameters":null,"planScriptName":"HPE - ESXi - configure ssh - 2017-12-15"},{"planScriptUri":"/rest/plan-scripts/cb624f1f-618e-45ce-9404-23ad45649039","serialNumber":"6","parameters":null,"planScriptName":"HPE - ESXi - repack state - 2017-03-15"},{"planScriptUri":"/rest/plan-scripts/fa7c8a7f-0790-42c4-b25e-849a058beeea","serialNumber":"7","parameters":null,"planScriptName":"HPE - ESXi - umount - 2017-03-15"}],"customAttributes":[{"name":"ManagementNIC","description":"Configuring NIC on ESXi host","value":null,"constraints":"{\"ipv4static\":true,\"ipv4dhcp\":true,\"ipv4disable\":false,\"parameters\":[\"dns1\",\"dns2\",\"gateway\",\"ipaddress\",\"mac\",\"netmask\",\"vlanid\"]}","type":"nic"},{"name":"DomainName","description":"Fully Qualified Domain Name for the ESXi host","value":"","constraints":"{\"helpText\":\"\"}","type":"fqdn"},{"name":"Hostname","description":"Hostname for VMware ESXi host. The hostname value can be defined manually or by using the tokens. This value must conform to valid hostname requirement defined by Internet standards.","value":"","constraints":"{\"helpText\":\"\"}","type":"hostname"},{"name":"SSH","description":"To enable/disable and start/stop SSH in ESXi","value":"enabled","constraints":"{\"options\":[\"enabled\",\"disabled\"]}","type":"option"},{"name":"Password","description":"Password value must meet password complexity and minimum length requirements defined for ESXi 5.x, ESXi 6.x appropriately.","value":"","constraints":"{\"maxlen\":\"20\"}","type":"password"}],"dependentArtifacts":null}