{"type":"PlanScript","uri":null,"category":null,"eTag":null,"created":null,"modified":null,"id":"a35deba8-e8b4-480a-a8a3-d1c495729ccd","name":"HPE - ESXi - mount - 2018-07-31","description":"Mount ESXi /bootbank","status":null,"state":null,"planType":"general","content":"# (c) Copyright 2018 Hewlett Packard Enterprise Development LP\n#\n# Licensed under the Apache License, Version 2.0 (the \"License\");\n# you may not use this file except in compliance with the License.\n# You may obtain a copy of the License at #http://www.apache.org/licenses/LICENSE-2.0\n#\n# Unless required by applicable law or agreed to in writing, software distributed\n# under the License is distributed on an \"AS IS\" BASIS, WITHOUT WARRANTIES #OR\n# CONDITIONS OF ANY KIND, either express or implied. See the License for the\n# specific language governing permissions and limitations under the License.\n\n\n# Mount /bootbank area for ESXi 5.x, 6.x \n#\n# Typical partition layout is:\n# 1 - UEFI ESP\n# 5 - /bootbank  <= holds ESXi host state to be configured\n# 6 - /altbootbank\n\necho \"########################################\"\necho \"Mount ESXi /bootbank\"\necho \"########################################\"\n\n# Image Streamer does not support OS deployments on compute modules that have UEFI secure boot enabled\n\necho\necho \"NOTE: Image Streamer does not support OS deployments on compute modules that have UEFI secure boot enabled\"\necho\n\n# List structure storage layout found in ESXi Golden Image / OS Volume\necho \"Devices:\"\n-list-devices\necho\necho \"Partitions:\"\n-list-partitions\necho\necho \"File systems:\"\n-list-filesystems\necho\n\necho \"Mount file systems:\"\necho\necho \"mount /dev/sda5\"\nmount /dev/sda5 /\necho \"File system details for /dev/sda5:\"\n-statvfs /\necho\n\ndownload /boot.cfg boot5.cfg\n\n-download /onetime.tgz onetime.tgz\n\nupload -<<END /getpartition\n#! /bin/bash\nboot6=$(grep -i ^bootstate ./boot6.cfg | awk -F'=' '{print $2}')\nboot5=$(grep -i ^bootstate ./boot5.cfg | awk -F'=' '{print $2}')\nboot6update=$(grep -i ^updated ./boot6.cfg | awk -F'=' '{print $2}')\nboot5update=$(grep -i ^updated ./boot5.cfg | awk -F'=' '{print $2}')\necho \"boot6 bootstate value:$boot6  updated:$boot6update\"\necho \"boot5 bootstate value:$boot5 updated:$boot5update\"\n\nif [ $boot6 -eq 0 ] && [ $boot6update -gt $boot5update ]\nthen\n  echo \"ImageStreamerLog:sda6 is Esxi boot partition\"\n  echo \"mount /dev/sda6 /\" >> guestfishmount\nelif [ $boot5 -eq 0 ]\nthen\n  echo \"ImageStreamerLog:sda5 is Esxi boot partition\"\n  echo \"mount /dev/sda5 /\" >> guestfishmount\nelse\n  echo \"ImageStreamerLog:Failed to mount Esxi in guestfs, could not identify bootbank partition\"\nfi\n\nEND\n\ndownload /getpartition getpartition\n\necho \"Unmount file systems\"\numount /\necho\n\necho \"mount /dev/sda6\"\nmount /dev/sda6 /\necho \"File system details for /dev/sda6:\"\n-statvfs /\necho\n\ndownload /boot.cfg boot6.cfg\n\n-download /onetime.tgz onetime.tgz\n\necho \"Unmount file systems\"\numount /\necho\n\necho \"boot.cfg.5 contents:\"\n!cat boot5.cfg\necho\n\necho \"boot.cfg.6 contents:\"\n!cat boot6.cfg\necho\n\necho \"Run getPartition\"\n\n!source ./getpartition\n\n!cat ./guestfishmount\n\n<!cat ./guestfishmount\necho\n\nls /\n\n-upload onetime.tgz /onetime.tgz","customAttributes":null,"hpProvided":true,"dependentArtifacts":null}