{"type":"PlanScript","uri":null,"category":null,"eTag":null,"created":null,"modified":null,"id":"fa7c8a7f-0790-42c4-b25e-849a058beeea","name":"HPE - ESXi - umount - 2017-03-15","description":"Cleanup and unmount file systems","status":null,"state":null,"planType":"general","content":"# (c) Copyright 2017 Hewlett Packard Enterprise Development LP\n#\n# Licensed under the Apache License, Version 2.0 (the \"License\");\n# you may not use this file except in compliance with the License.\n# You may obtain a copy of the License at #http://www.apache.org/licenses/LICENSE-2.0\n#\n# Unless required by applicable law or agreed to in writing, software distributed\n# under the License is distributed on an \"AS IS\" BASIS, WITHOUT WARRANTIES #OR\n# CONDITIONS OF ANY KIND, either express or implied. See the License for the\n# specific language governing permissions and limitations under the License.\n\n\necho \"########################################\"\necho \"Cleanup and unmount file systems \"\necho \"########################################\"\n\necho \"Remove ImageStreamer temp directory\"\nrm-rf /ImageStreamer\n\necho \"Unmount file systems\"\numount /\necho","customAttributes":null,"hpProvided":true,"dependentArtifacts":null}