{"type":"OeBuildPlan","uri":null,"category":null,"eTag":null,"created":null,"modified":null,"buildPlanid":"4a4e4084-ff20-4fef-80d9-b7f9bbc6b887","name":"HPE - ESXi 7.0 - deploy in single frame non-HA config - 2021-05-10","description":"Deploy ESXi 7.0 in a single-frame environment containing one ImageStreamer appliance. This buildplan does not configure HA for iSCSI boot connections to ESXi volume. (c) Copyright 2018-2021 Hewlett Packard Enterprise Development LP. Licensed under the Apache License, Version 2.0 (the \"License\"); ...","status":null,"hpProvided":true,"oeBuildPlanType":"deploy","buildStep":[{"planScriptUri":"/rest/plan-scripts/d32af1aa-1ad4-466c-b288-3eeec0ddbc9a","serialNumber":"1","parameters":null,"planScriptName":"HPE - ESXi 7.0 - mount - 2021-05-10"},{"planScriptUri":"/rest/plan-scripts/779947fa-e7c8-4e92-abd2-0fe1fb4c315e","serialNumber":"2","parameters":null,"planScriptName":"HPE - ESXi 7.0 - add custom.tgz module to boot.conf  - 2021-05-10"},{"planScriptUri":"/rest/plan-scripts/678e5e23-0d88-4bf3-a6c4-24e4ff1bcef1","serialNumber":"3","parameters":null,"planScriptName":"HPE - ESXi 7.0 - create custom.tgz custom module - 2021-05-10"},{"planScriptUri":"/rest/plan-scripts/e3026a77-4494-42e5-bf59-39bed4bd21c0","serialNumber":"4","parameters":null,"planScriptName":"HPE - ESXi 7.0 - generalize Host - 2021-05-10"},{"planScriptUri":"/rest/plan-scripts/6593303e-815b-4164-9ff6-327693f92d05","serialNumber":"5","parameters":null,"planScriptName":"HPE - ESXi 7.0 - configure iSCSI connection non-HA - 2021-05-10"},{"planScriptUri":"/rest/plan-scripts/0d2d722b-2242-42b8-96a5-a0c636462825","serialNumber":"6","parameters":null,"planScriptName":"HPE - ESXi 7.0 - set password - 2021-05-10"},{"planScriptUri":"/rest/plan-scripts/10e9b0b1-e604-428a-aaa2-f6ddd8c16fe7","serialNumber":"7","parameters":null,"planScriptName":"HPE - ESXi 7.0 - configure management 1st NIC - 2021-05-10"},{"planScriptUri":"/rest/plan-scripts/17c2efbb-ff29-4000-9ac0-a0aa162c19eb","serialNumber":"8","parameters":null,"planScriptName":"HPE - ESXi 7.0 - configure ssh - 2021-05-10"},{"planScriptUri":"/rest/plan-scripts/2a637461-c9e3-4d6d-9523-91b8d1442d5c","serialNumber":"9","parameters":null,"planScriptName":"HPE - ESXi 7.0 - clear local - 2021-05-10"},{"planScriptUri":"/rest/plan-scripts/a23a609a-46fb-4199-bbae-0d48016f85c1","serialNumber":"10","parameters":null,"planScriptName":"HPE - ESXi 7.0 - repack custom.tgz module - 2021-05-10"},{"planScriptUri":"/rest/plan-scripts/e6f00650-27b6-4ce5-b062-5766689c84cd","serialNumber":"11","parameters":null,"planScriptName":"HPE - ESXi 7.0 - umount - 2021-05-10"}],"customAttributes":[{"name":"ManagementNIC","description":"Configuring first NIC for Teaming in ESXi","value":null,"constraints":"{\"ipv4static\":true,\"ipv4dhcp\":true,\"ipv4disable\":false,\"parameters\":[\"dns1\",\"dns2\",\"gateway\",\"ipaddress\",\"mac\",\"netmask\",\"vlanid\"]}","type":"nic"},{"name":"DomainName","description":"Fully Qualified Domain Name for ESXi host","value":"","constraints":"{\"helpText\":\"\"}","type":"fqdn"},{"name":"Hostname","description":"Hostname for VMware ESXi host. The hostname value can be defined manually or by using the tokens. This value must conform to valid hostname requirement defined by Internet standards.","value":"","constraints":"{\"helpText\":\"\"}","type":"hostname"},{"name":"SSH","description":"To enable/disable and start/stop SSH in ESXi","value":"enabled","constraints":"{\"options\":[\"enabled\",\"disabled\"]}","type":"option"},{"name":"Password","description":"Password value must meet password complexity and minimum length requirements defined for ESXi 5.x, ESXi 6.x appropriately.","value":"","constraints":"{\"options\":[\"\"]}","type":"password"}],"dependentArtifacts":null}