{"type":"PlanScript","uri":null,"category":null,"eTag":null,"created":null,"modified":null,"id":"6593303e-815b-4164-9ff6-327693f92d05","name":"HPE - ESXi 7.0 - configure iSCSI connection non-HA - 2021-05-10","description":"Configures non-HA iSCSI boot path for ESXi. This script can be used in single frame environment containing one ImageStreamer appliance.","status":null,"state":null,"planType":"deploy","content":"# (c) Copyright 2018-2021 Hewlett Packard Enterprise Development LP\n#\n# Licensed under the Apache License, Version 2.0 (the \"License\");\n# you may not use this file except in compliance with the License.\n# You may obtain a copy of the License at #http://www.apache.org/licenses/LICENSE-2.0\n#\n# Unless required by applicable law or agreed to in writing, software distributed\n# under the License is distributed on an \"AS IS\" BASIS, WITHOUT WARRANTIES #OR\n# CONDITIONS OF ANY KIND, either express or implied. See the License for the\n# specific language governing permissions and limitations under the License.\n\necho \"########################################\"\necho \"Configure HA for iSCSI deployment connections\"\necho \"########################################\"\n\n\nupload -<<END /ImageStreamer/esxi_deploy_net\n#! /bin/bash\nDIR=`pwd`\n\necho \"Configure HA for iSCSI deployment connections\"\ncat <<\"EOF\" >>$DIR/999.local.sh\n\n\nUPLINK1=`esxcli network nic list | grep -i @_Initiator1.mac@ | awk '{ print $1}'`\nUPLINK2=`esxcli network nic list | grep -i @_Initiator2.mac@ | awk '{ print $1}'`\n\nif [ -n \"$UPLINK1\" && -n \"$UPLINK2\" ];then\n\techo \"#######Deployment Connection Details#######\" >> /tmp/hpe.log\n\techo \"both deployment connections is used\" >> /tmp/hpe.log\n\t#Add deploy vSwitch and uplinks to it\n\tesxcli network vswitch standard add --vswitch-name=vSwitch0\n\tesxcli network vswitch standard uplink add --uplink-name=$UPLINK1 --vswitch-name=vSwitch0\n\tesxcfg-vswitch -A iSCSI-PG1 vSwitch0 \n\tesxcfg-vswitch -M $UPLINK1 -p iSCSI-PG1 vSwitch0\n\tesxcfg-vmknic -a -i @_Initiator1.ip@ -n @_Initiator1.netmask@ iSCSI-PG1\n\tesxcli iscsi software set -e true\n\tesxcli network ip interface add --interface-name=vmk0\n\tiscsi_adapter=`esxcfg-scsidevs -a | grep \"iSCSI Software Adapter\" | awk '{ print $1 }'`\n\tesxcli iscsi networkportal add --nic vmk0 --adapter \"${iscsi_adapter}\"\n\tesxcli iscsi session remove --adapter \"${iscsi_adapter}\"\n\tesxcli iscsi session add --adapter \"${iscsi_adapter}\"\n\n\tesxcfg-rescan -A\n\tesxcfg-rescan -A\n\n\nelif [ -n \"$UPLINK1\" ];then\n\n\techo \"#######Deployment Connection Details#######\" >> /tmp/hpe.log\n\techo \"Deployment connection 1 is used\" >> /tmp/hpe.log\n\tesxcli network vswitch standard add --vswitch-name=vSwitch0\n\tesxcli network vswitch standard uplink add --uplink-name=$UPLINK1 --vswitch-name=vSwitch0\n\tesxcfg-vswitch -A iSCSI-PG1 vSwitch0 \n\tesxcfg-vswitch -M $UPLINK1 -p iSCSI-PG1 vSwitch0\n\tesxcfg-vmknic -a -i @_Initiator1.ip@ -n @_Initiator1.netmask@ iSCSI-PG1\n\tesxcli iscsi software set -e true\n\tesxcli network ip interface add --interface-name=vmk0\n\tiscsi_adapter=`esxcfg-scsidevs -a | grep \"iSCSI Software Adapter\" | awk '{ print $1 }'`\n\tesxcli iscsi networkportal add --nic vmk0 --adapter \"${iscsi_adapter}\"\n\tesxcli iscsi session remove --adapter \"${iscsi_adapter}\"\n\tesxcli iscsi session add --adapter \"${iscsi_adapter}\"\n\n\tesxcfg-rescan -A\n\tesxcfg-rescan -A\n\nelif [ -n \"$UPLINK2\" ];then\n\n\techo \"#######Deployment Connection Details#######\" >> /tmp/hpe.log\n\techo \"Deployment connection 2 is used\" >> /tmp/hpe.log\n\tesxcli network vswitch standard add --vswitch-name=vSwitch0\n\tesxcli network vswitch standard uplink add --uplink-name=$UPLINK2 --vswitch-name=vSwitch0\n\tesxcfg-vswitch -A iSCSI-PG1 vSwitch0 \n\tesxcfg-vswitch -M $UPLINK2 -p iSCSI-PG1 vSwitch0\n\tesxcfg-vmknic -a -i @_Initiator2.ip@ -n @_Initiator2.netmask@ iSCSI-PG1\n\tesxcli iscsi software set -e true\n\tesxcli network ip interface add --interface-name=vmk0\n\tiscsi_adapter=`esxcfg-scsidevs -a | grep \"iSCSI Software Adapter\" | awk '{ print $1 }'`\n\tesxcli iscsi networkportal add --nic vmk0 --adapter \"${iscsi_adapter}\"\n\tesxcli iscsi session remove --adapter \"${iscsi_adapter}\"\n\tesxcli iscsi session add --adapter \"${iscsi_adapter}\"\n\n\tesxcfg-rescan -A\n\tesxcfg-rescan -A\n\nelse\necho \"no deployment connections used\"\nfi\n\n\nEOF\nexit 0\nEND\n\ndownload /ImageStreamer/esxi_deploy_net ./esxi_deploy_net\necho \"Run esxi_deploy_net\"\n!source ./esxi_deploy_net\necho \"Configure iSCSI boot HA complete\"","customAttributes":null,"hpProvided":true,"dependentArtifacts":null}