{"type":"PlanScript","uri":null,"category":null,"eTag":null,"created":null,"modified":null,"id":"678e5e23-0d88-4bf3-a6c4-24e4ff1bcef1","name":"HPE - ESXi 7.0 - create custom.tgz custom module - 2021-05-10","description":"Create 999.local.sh file inside /etc/rc.local.d/ and compress in to custom.tgz module","status":null,"state":null,"planType":"general","content":"# (c) Copyright 2021 Hewlett Packard Enterprise Development LP\n#\n# Licensed under the Apache License, Version 2.0 (the \"License\");\n# you may not use this file except in compliance with the License.\n# You may obtain a copy of the License at #http://www.apache.org/licenses/LICENSE-2.0\n#\n# Unless required by applicable law or agreed to in writing, software distributed\n# under the License is distributed on an \"AS IS\" BASIS, WITHOUT WARRANTIES #OR\n# CONDITIONS OF ANY KIND, either express or implied. See the License for the\n# specific language governing permissions and limitations under the License.\n\n\necho \"########################################\"\necho \"Create 999.local.sh and pack it in to custom.tgz file\"\necho \"########################################\"\n\necho \"Create ImageStreamer temp directory\"\n-mkdir /ImageStreamer\ntouch /custom.tgz\n\necho \"Copy out /custom.tgz if present\"\n-download /custom.tgz custom.tgz\necho\n\necho \"Extract ESXi host configuration from Golden Image\"\n\necho \"Build esxi_unpack ESXi host custom unpack script\"\nupload -<<END /ImageStreamer/esxi_unpack\n#! /bin/bash\nDIR=`pwd`\n\ntouch $DIR/999.local.sh\n\nmkdir $DIR/esxi_onetime\n\nexit 0\nEND\n\n\ndownload /ImageStreamer/esxi_unpack ./esxi_unpack\necho\n\nupload -<<END /ImageStreamer/esxi_repack\n#! /bin/bash\nDIR=`pwd`\n\necho \"---------------------------------------------------------------\"\necho \"Final ESXi host local.sh content for configuration at first boot:\"\ncat $DIR/999.local.sh\necho \"---------------------------------------------------------------\"\necho\n\ncd $DIR/esxi_onetime\nmkdir -p etc/rc.local.d\ncp $DIR/999.local.sh etc/rc.local.d/999.local.sh\nchmod 777 etc/rc.local.d/999.local.sh\nchmod +t etc/rc.local.d/999.local.sh\ntar cvpzf $DIR/custom.tgz *\necho \"cust_state.tgz data\"\ntar tvzf $DIR/custom.tgz\nEND\n\n\n\ndownload /ImageStreamer/esxi_repack ./esxi_repack\necho\n\necho \"Run  esxi_repack ESXi host custom unpack script\"\n!source ./esxi_unpack\necho","customAttributes":null,"hpProvided":true,"dependentArtifacts":null}