{"type":"PlanScript","uri":null,"category":null,"eTag":null,"created":null,"modified":null,"id":"e3026a77-4494-42e5-bf59-39bed4bd21c0","name":"HPE - ESXi 7.0 - generalize Host - 2021-05-10","description":"Deletes all old vSwitches, VMKs and Portgroup from GI. Check /tmp/hpe.log for all the deleted entries","status":null,"state":null,"planType":"general","content":"# (c) Copyright 2019-2021 Hewlett Packard Enterprise Development LP\n#\n# Licensed under the Apache License, Version 2.0 (the \"License\");\n# you may not use this file except in compliance with the License.\n# You may obtain a copy of the License at #http://www.apache.org/licenses/LICENSE-2.0\n#\n# Unless required by applicable law or agreed to in writing, software distributed\n# under the License is distributed on an \"AS IS\" BASIS, WITHOUT WARRANTIES #OR\n# CONDITIONS OF ANY KIND, either express or implied. See the License for the\n# specific language governing permissions and limitations under the License.\n\n\necho \"########################################\"\necho \"Clear Old vSwitchs and VMK's\"\necho \"########################################\"\n\nupload -<<END /ImageStreamer/local_backup\n#! /bin/bash\nDIR=`pwd`\ncat <<\"EOF\" >>$DIR/999.local.sh\n\nlogFile=\"/tmp/hpe.log\"\necho \" \" >> $logFile\necho \"------------------------------------------------------\" >> $logFile\necho \"Hewlett Packard Enterprise\" >> $logFile\necho \"Removing Old vSwitches\" >> $logFile\necho \"------------------------------------------------------\" >> $logFile\necho \" \" >> $logFile\n\n\necho \"#########  Remove default VM Kernel NICs  #########\" >> $logFile\n\nfor i in `esxcli network ip interface ipv4 get | awk 'NR>2{print $1}'`;do\n\tesxcli network ip interface remove --interface-name=$i; \n\techo \" deleted inteface $i\" >> $logFile;\n\tdone\n\necho \"#########  Remove default portgroups  #########\" >> $logFile\nesxcli network vswitch standard portgroup list \\\n| awk 'NR>2{ system(\"esxcli network vswitch standard portgroup remove --portgroup-name=\"$1 \" --vswitch-name=\" $2) ; \\\nsystem(\"echo Deleted portgroup \"$1 \" from \"$2)}' >> $logFile\n\n\necho \"#########  Remove default vSwitches  #########\" >> $logFile\nfor i in `esxcli network vswitch standard list | grep -i name | awk '{print $2}'`; do\nesxcli network vswitch standard remove --vswitch-name=$i;\necho \"deleted $i\" >> $logFile;\ndone\n\n\n\nEOF\n\nexit 0\nEND\n\ndownload /ImageStreamer/local_backup local_backup\necho \"Run local_backup\"\n!source ./local_backup\necho","customAttributes":null,"hpProvided":true,"dependentArtifacts":null}