{"type":"PlanScript","uri":null,"category":null,"eTag":null,"created":null,"modified":null,"id":"0aec7ef7-b0c0-4a0e-b6be-617f159c3e1a","name":"HPE - ESXi - Logon Banner - 2017-12-05","description":"Configures ESXi Logon Banner","status":null,"state":null,"planType":"deploy","content":"# (c) Copyright 2017 Hewlett Packard Enterprise Development LP\n#\n# Licensed under the Apache License, Version 2.0 (the \"License\");\n# you may not use this file except in compliance with the License.\n# You may obtain a copy of the License at #http://www.apache.org/licenses/LICENSE-2.0\n#\n# Unless required by applicable law or agreed to in writing, software distributed\n# under the License is distributed on an \"AS IS\" BASIS, WITHOUT WARRANTIES #OR\n# CONDITIONS OF ANY KIND, either express or implied. See the License for the\n# specific language governing permissions and limitations under the License.\n\necho \"########################################\"\necho \"Configure Logon Banner                 \"\necho \"########################################\"\n\nupload -<<END /ImageStreamer/esxi_logon_banner\n#! /bin/bash\n\ncat <<\"EOF\" >>local.sh\n\n#Pre Logon Message \ncat << EOT > /etc/issue\n*************************************************************************\n*  !!WARNING!! UNAUTHORIZED USE OF THIS SYSTEM IS STRICTLY PROHIBITED!  * \n*************************************************************************\nEOT\n\n#Post Logon Message \ncat << EOT > /etc/motd\n**************************************************************************\n*                  Unauthorized access is prohibited                     *\n**************************************************************************\n*                                                                        *\n*  This system is to be used only by specifically authorized personnel.  *\n*  Any unauthorized use of the system is unlawful, and may be subject    *\n*  to civil and/or criminal penalties.                                   *\n*                                                                        *\n*  Any use of the system may be logged or monitored without further      *\n*  notice and resulting logs may be used as evidence in court.           *\n**************************************************************************\nEOT\n\nEOF\n\nexit 0\nEND\n\ndownload /ImageStreamer/esxi_logon_banner esxi_logon_banner\n!source ./esxi_logon_banner\necho","customAttributes":null,"hpProvided":true,"dependentArtifacts":null}