{"type":"OeBuildPlan","uri":null,"category":null,"eTag":null,"created":null,"modified":null,"buildPlanid":"79b7aac9-f115-4402-b406-6ad9d56c4454","name":"HPE - ESXi - generalize full state - 2017-09-27","description":"Remove personalization settings from ESXi 5.x, 6.x images.\n(c) Copyright 2017 Hewlett Packard Enterprise Development LP. Licensed under the Apache License, Version 2.0 (the \"License\"); ...","status":null,"hpProvided":true,"oeBuildPlanType":"capture","buildStep":[{"planScriptUri":"/rest/plan-scripts/17d07ad8-f726-439e-ba4f-06beea04b16f","serialNumber":"1","parameters":null,"planScriptName":"HPE - ESXi - mount - 2017-03-15"},{"planScriptUri":"/rest/plan-scripts/a820913f-6f71-4227-9175-36adc1879fab","serialNumber":"2","parameters":null,"planScriptName":"HPE - ESXi - generalize host configuration - 2017-07-12"},{"planScriptUri":"/rest/plan-scripts/33ca5038-2dc5-4923-9eab-8e3d3d7462da","serialNumber":"3","parameters":null,"planScriptName":"HPE - ESXi - unpack state - 2017-07-07"},{"planScriptUri":"/rest/plan-scripts/2bb62f52-3c47-456f-bb89-eedfd18133fd","serialNumber":"4","parameters":null,"planScriptName":"HPE - ESXi - generalize onetime - 2017-09-27"},{"planScriptUri":"/rest/plan-scripts/8502c16d-4842-4965-a9fb-6cc0f31b3dec","serialNumber":"5","parameters":null,"planScriptName":"HPE - ESXi - remove system uuid - 2017-08-02"},{"planScriptUri":"/rest/plan-scripts/ca352fcf-0120-432b-a3e4-1aeda82f1055","serialNumber":"6","parameters":null,"planScriptName":"HPE - ESXi - repack state - 2017-03-15"},{"planScriptUri":"/rest/plan-scripts/8b929764-b718-498e-9d19-5cebb7f18537","serialNumber":"7","parameters":null,"planScriptName":"HPE - ESXi - umount - 2017-03-15"}],"customAttributes":[],"dependentArtifacts":null}