{"type":"PlanScript","uri":null,"category":null,"eTag":null,"created":null,"modified":null,"id":"ab95f0ce-98a7-4ae3-b186-615fb530f429","name":"HPE - ESXi - set password - 2017-03-15","description":"Configure host password","status":null,"state":null,"planType":"deploy","content":"# (c) Copyright 2017 Hewlett Packard Enterprise Development LP\n#\n# Licensed under the Apache License, Version 2.0 (the \"License\");\n# you may not use this file except in compliance with the License.\n# You may obtain a copy of the License at #http://www.apache.org/licenses/LICENSE-2.0\n#\n# Unless required by applicable law or agreed to in writing, software distributed\n# under the License is distributed on an \"AS IS\" BASIS, WITHOUT WARRANTIES #OR\n# CONDITIONS OF ANY KIND, either express or implied. See the License for the\n# specific language governing permissions and limitations under the License.\n\n\n#Please note that password value should meet password complexity and \n#minimum length requirements defined for ESXi 5.x, ESXi 6.x appropriately. \n\necho \"########################################\"\necho \"Configure host password\"\necho \"########################################\"\n\nupload -<<END /ImageStreamer/esxi_password\n#! /bin/bash\n\ncat <<\"EOF\" >>local.sh\n# Image Streamer password configuration\necho \"@Password@\" | passwd root --stdin\n\nEOF\n\nexit 0\nEND\n\ndownload /ImageStreamer/esxi_password esxi_password\necho \"Run esxi_password\"\n!source ./esxi_password\necho","customAttributes":null,"hpProvided":true,"dependentArtifacts":null}