{"type":"OeBuildPlan","uri":null,"category":null,"eTag":null,"created":null,"modified":null,"buildPlanid":"b1857eb6-5aee-4f62-b19a-92ead926bd74","name":"HPE - ESXi - deploy with multiple management NIC HA config- 2017-12-15","description":"Deploy ESXi 5.x or 6.x in a multi-frame environment containing a pair of ImageStreamer appliances. This buildplan configures HA for iSCSI boot connections to ESXi volume. (c) Copyright 2017 Hewlett Packard Enterprise Development LP. Licensed under...","status":null,"hpProvided":true,"oeBuildPlanType":"deploy","buildStep":[{"planScriptUri":"/rest/plan-scripts/17d07ad8-f726-439e-ba4f-06beea04b16f","serialNumber":"1","parameters":null,"planScriptName":"HPE - ESXi - mount - 2017-03-15"},{"planScriptUri":"/rest/plan-scripts/33ca5038-2dc5-4923-9eab-8e3d3d7462da","serialNumber":"2","parameters":null,"planScriptName":"HPE - ESXi - unpack state - 2017-07-07"},{"planScriptUri":"/rest/plan-scripts/ee9e060a-5a4c-494e-a1ff-8e6f3156314f","serialNumber":"3","parameters":null,"planScriptName":"HPE - ESXi - configure iSCSI boot HA - 2017-06-13"},{"planScriptUri":"/rest/plan-scripts/cd78caf1-e96d-4b68-8875-b30e2cd4a81b","serialNumber":"4","parameters":null,"planScriptName":"HPE - ESXi - configure management 1st NIC - 2017-08-22"},{"planScriptUri":"/rest/plan-scripts/619dc799-4e55-4c4f-aebf-f962243591e5","serialNumber":"5","parameters":null,"planScriptName":"HPE - ESXi - configure management 2nd NIC HA - 2017-07-07"},{"planScriptUri":"/rest/plan-scripts/ab95f0ce-98a7-4ae3-b186-615fb530f429","serialNumber":"6","parameters":null,"planScriptName":"HPE - ESXi - set password - 2017-03-15"},{"planScriptUri":"/rest/plan-scripts/8f69d429-30f9-47d1-ab37-50d9113d1a9e","serialNumber":"7","parameters":null,"planScriptName":"HPE - ESXi - configure ssh - 2017-12-15"},{"planScriptUri":"/rest/plan-scripts/ca352fcf-0120-432b-a3e4-1aeda82f1055","serialNumber":"8","parameters":null,"planScriptName":"HPE - ESXi - repack state - 2017-03-15"},{"planScriptUri":"/rest/plan-scripts/8b929764-b718-498e-9d19-5cebb7f18537","serialNumber":"9","parameters":null,"planScriptName":"HPE - ESXi - umount - 2017-03-15"}],"customAttributes":[{"name":"ManagementNIC","description":"Configuring first NIC for Teaming in ESXi","value":null,"constraints":"{\"ipv4static\":true,\"ipv4dhcp\":true,\"ipv4disable\":false,\"parameters\":[\"dns1\",\"dns2\",\"gateway\",\"ipaddress\",\"mac\",\"netmask\",\"vlanid\"]}","type":"nic"},{"name":"DomainName","description":"Fully Qualified Domain Name for ESXi host","value":"","constraints":"{\"helpText\":\"\"}","type":"fqdn"},{"name":"Hostname","description":"ESXi hostname","value":"","constraints":"{\"helpText\":\"\"}","type":"hostname"},{"name":"ManagementNIC2","description":"Configuring second NIC for Teaming in ESXi","value":null,"constraints":"{\"ipv4static\":true,\"ipv4dhcp\":false,\"ipv4disable\":false,\"parameters\":[\"mac\",\"vlanid\"]}","type":"nic"},{"name":"SSH","description":"To enable/disable and start/stop SSH in ESXi","value":"enabled","constraints":"{\"options\":[\"enabled\",\"disabled\"]}","type":"option"},{"name":"Password","description":"Password value must meet password complexity and minimum length requirements defined for ESXi 5.x, ESXi 6.x appropriately.","value":"","constraints":"{\"options\":[\"\"]}","type":"password"}],"dependentArtifacts":null}