{"type":"PlanScript","uri":null,"category":null,"eTag":null,"created":null,"modified":null,"id":"b437c34b-d441-4b9d-9949-322b76b2a29a","name":"HPE - ESXi - Shell Timeouts - 2017-06-13","description":"Configure ESXi Shell Timeouts\n\nESXiShellInteractiveTimeOut - Time before interactive shell is automatically logged out in seconds\n\nESXiShellTimeOut - Time to disable local or remote shell access","status":null,"state":null,"planType":"deploy","content":"# (c) Copyright 2017 Hewlett Packard Enterprise Development LP\n#\n# Licensed under the Apache License, Version 2.0 (the \"License\");\n# you may not use this file except in compliance with the License.\n# You may obtain a copy of the License at #http://www.apache.org/licenses/LICENSE-2.0\n#\n# Unless required by applicable law or agreed to in writing, software distributed\n# under the License is distributed on an \"AS IS\" BASIS, WITHOUT WARRANTIES #OR\n# CONDITIONS OF ANY KIND, either express or implied. See the License for the\n# specific language governing permissions and limitations under the License.\n\necho \"########################################\"\necho \"Configure Shell Timeouts Servers                                               \"\necho \"ESXiShellInteractiveTimeOut - Time before interactive shell is automatically logged out in seconds \"\necho \"ESXiShellTimeOut - Time to disable local or remote shell access\"\necho \"#######################################\"\n\nupload -<<END /ImageStreamer/esxi_shelltimeout\n#! /bin/bash\n\ncat <<\"EOF\" >>local.sh\n\n #Time before interactive shell is automatically logged out in seconds \nesxcli system settings advanced set -o /UserVars/ESXiShellInteractiveTimeOut -i @ESXiShellInteractiveTimeOut:900@\n #Time to disable local or remote shell access\nesxcli system settings advanced set -o /UserVars/ESXiShellTimeOut -i @ESXiShellTimeOut:1800@ \nEOF\n\nexit 0\nEND\n\ndownload /ImageStreamer/esxi_shelltimeout esxi_shelltimeout\n!source ./esxi_shelltimeout\necho","customAttributes":null,"hpProvided":true,"dependentArtifacts":null}