{"type":"PlanScript","uri":null,"category":null,"eTag":null,"created":null,"modified":null,"id":"d54e2204-2976-45be-90a6-0abbfecdce5f","name":"HPE - ESXi - Block VM Guest BPDU - 2017-06-13","description":"BPDU Filter can be enabled on the ESXi host to drop any BPDU packets being sent to the physical switch.","status":null,"state":null,"planType":"deploy","content":"# (c) Copyright 2017 Hewlett Packard Enterprise Development LP\n#\n# Licensed under the Apache License, Version 2.0 (the \"License\");\n# you may not use this file except in compliance with the License.\n# You may obtain a copy of the License at #http://www.apache.org/licenses/LICENSE-2.0\n#\n# Unless required by applicable law or agreed to in writing, software distributed\n# under the License is distributed on an \"AS IS\" BASIS, WITHOUT WARRANTIES #OR\n# CONDITIONS OF ANY KIND, either express or implied. See the License for the\n# specific language governing permissions and limitations under the License.\n\necho \"########################################\"\necho \"Block Guest BPDU Packets                                                                \"\necho \"########################################\"\n\nupload -<<END /ImageStreamer/esxi_blockguestbpdu\n#! /bin/bash\ncat <<\"EOF\" >>local.sh\nesxcli system settings advanced set -o /Net/BlockGuestBPDU -i 1 \nEOF\n\nexit 0\nEND\n\ndownload /ImageStreamer/esxi_blockguestbpdu esxi_blockguestbpdu\n!source ./esxi_blockguestbpdu\necho","customAttributes":null,"hpProvided":true,"dependentArtifacts":null}