{"type":"OeBuildPlan","uri":null,"category":null,"eTag":null,"created":null,"modified":null,"buildPlanid":"809f18a1-244c-4c01-8308-fcefd1afc404","name":"HPE - ESXi 6.7 - deploy in single frame non-HA config - 2020-03-27","description":"Deploy ESXi 6.7 in a multi-frame environment containing a pair of ImageStreamer appliances. This buildplan configures HA for iSCSI boot connections to ESXi volume. (c) Copyright 2018-2020 Hewlett Packard Enterprise Development LP. Licensed under the Apache License, Version 2.0 (the \"License\"); ...","status":null,"hpProvided":true,"oeBuildPlanType":"deploy","buildStep":[{"planScriptUri":"/rest/plan-scripts/dd65919c-fae6-42f8-886e-4bd23b56a2f0","serialNumber":"1","parameters":null,"planScriptName":"HPE - ESXi - mount - 2018-12-03"},{"planScriptUri":"/rest/plan-scripts/578a9ed8-c553-4c51-bb96-a482765d134a","serialNumber":"2","parameters":null,"planScriptName":"HPE - ESXi 6.7 - unpack state - 2018-08-02"},{"planScriptUri":"/rest/plan-scripts/df2aa9dc-cb49-4a6d-8e9f-db24fef9266b","serialNumber":"3","parameters":null,"planScriptName":"HPE - ESXi 6.7 - replace initiator IP - 2018-08-02"},{"planScriptUri":"/rest/plan-scripts/e9003ba7-4750-40fd-982f-a9b24f60eb64","serialNumber":"4","parameters":null,"planScriptName":"HPE - ESXi 6.7 - remove system uuid - 2018-08-02"},{"planScriptUri":"/rest/plan-scripts/ebbe402c-98f1-4b04-93f7-fda52c9750d6","serialNumber":"5","parameters":null,"planScriptName":"HPE - ESXi 6.7 - remove host-server IP - 2019-07-19"},{"planScriptUri":"/rest/plan-scripts/b50ce6f3-7c5c-4d7a-ab1d-4cb4d038b838","serialNumber":"6","parameters":null,"planScriptName":"HPE - ESXi 6.7 - generalize state - 2020-03-27"},{"planScriptUri":"/rest/plan-scripts/12e97825-984b-470c-96ca-b22cf5007cf4","serialNumber":"7","parameters":null,"planScriptName":"HPE - ESXi - set password - 2017-03-15"},{"planScriptUri":"/rest/plan-scripts/78173c0b-e11d-459c-9773-51c1ad5d90f2","serialNumber":"8","parameters":null,"planScriptName":"HPE - ESXi - configure management 1st NIC - 2017-08-22"},{"planScriptUri":"/rest/plan-scripts/74b86675-0104-4975-9771-939f9d3aebb6","serialNumber":"9","parameters":null,"planScriptName":"HPE - ESXi - configure ssh - 2017-12-15"},{"planScriptUri":"/rest/plan-scripts/4ad75738-d68d-427c-a67f-777c432c0077","serialNumber":"10","parameters":null,"planScriptName":"HPE - ESXi 6.7 - clear local - 2020-03-27"},{"planScriptUri":"/rest/plan-scripts/9fbd4359-6e2b-4bd9-8d16-9cf6a0283664","serialNumber":"11","parameters":null,"planScriptName":"HPE - ESXi - repack state - 2017-03-15"},{"planScriptUri":"/rest/plan-scripts/bde4d7b3-c469-4c82-a484-9b1a61ed7593","serialNumber":"12","parameters":null,"planScriptName":"HPE - ESXi - umount - 2017-03-15"}],"customAttributes":[{"name":"ManagementNIC","description":"Configuring first NIC for Teaming in ESXi","value":null,"constraints":"{\"ipv4static\":true,\"ipv4dhcp\":true,\"ipv4disable\":false,\"parameters\":[\"dns1\",\"dns2\",\"gateway\",\"ipaddress\",\"mac\",\"netmask\",\"vlanid\"]}","type":"nic"},{"name":"DomainName","description":"Fully Qualified Domain Name for ESXi host","value":"","constraints":"{\"helpText\":\"\"}","type":"fqdn"},{"name":"Hostname","description":"Hostname for VMware ESXi host. The hostname value can be defined manually or by using the tokens. This value must conform to valid hostname requirement defined by Internet standards.","value":"","constraints":"{\"helpText\":\"\"}","type":"hostname"},{"name":"SSH","description":"To enable/disable and start/stop SSH in ESXi","value":"enabled","constraints":"{\"options\":[\"enabled\",\"disabled\"]}","type":"option"},{"name":"Password","description":"Password value must meet password complexity and minimum length requirements defined for ESXi 5.x, ESXi 6.x appropriately.","value":"","constraints":"{\"options\":[\"\"]}","type":"password"}],"dependentArtifacts":null}